-- phpMyAdmin SQL Dump
-- version 4.8.2
-- https://www.phpmyadmin.net/
--
-- Máy chủ: 127.0.0.1
-- Thời gian đã tạo: Th1 01, 2019 lúc 12:33 PM
-- Phiên bản máy phục vụ: 10.1.34-MariaDB
-- Phiên bản PHP: 7.1.20

SET SQL_MODE = "NO_AUTO_VALUE_ON_ZERO";
SET AUTOCOMMIT = 0;
START TRANSACTION;
SET time_zone = "+00:00";


/*!40101 SET @OLD_CHARACTER_SET_CLIENT=@@CHARACTER_SET_CLIENT */;
/*!40101 SET @OLD_CHARACTER_SET_RESULTS=@@CHARACTER_SET_RESULTS */;
/*!40101 SET @OLD_COLLATION_CONNECTION=@@COLLATION_CONNECTION */;
/*!40101 SET NAMES utf8mb4 */;

--
-- Cơ sở dữ liệu: `web`
--

-- --------------------------------------------------------

--
-- Cấu trúc bảng cho bảng `banner`
--

CREATE TABLE `banner` (
  `id` int(10) NOT NULL,
  `title` varchar(255) COLLATE utf8_unicode_ci NOT NULL,
  `images` varchar(255) COLLATE utf8_unicode_ci NOT NULL,
  `type` varchar(255) COLLATE utf8_unicode_ci DEFAULT NULL,
  `status` int(2) NOT NULL
) ENGINE=InnoDB DEFAULT CHARSET=utf8 COLLATE=utf8_unicode_ci;

--
-- Đang đổ dữ liệu cho bảng `banner`
--

INSERT INTO `banner` (`id`, `title`, `images`, `type`, `status`) VALUES
(2, 'title 1', 'tải xuống (2).jpg', NULL, 1),
(3, 'title 2', 'tải xuống (3).jpg', NULL, 0),
(4, 'aaa', 'tải xuống.jpg', NULL, 1),
(5, 'ad', 'tải xuống (1).jpg', NULL, 1);

-- --------------------------------------------------------

--
-- Cấu trúc bảng cho bảng `category`
--

CREATE TABLE `category` (
  `id` int(10) UNSIGNED NOT NULL,
  `name` varchar(191) COLLATE utf8mb4_unicode_ci NOT NULL,
  `status` int(10) NOT NULL,
  `created_at` timestamp NULL DEFAULT NULL,
  `updated_at` timestamp NULL DEFAULT NULL
) ENGINE=InnoDB DEFAULT CHARSET=utf8mb4 COLLATE=utf8mb4_unicode_ci;

--
-- Đang đổ dữ liệu cho bảng `category`
--

INSERT INTO `category` (`id`, `name`, `status`, `created_at`, `updated_at`) VALUES
(2, 'Dell', 1, NULL, NULL),
(3, 'HPs', 0, NULL, NULL),
(4, 'Asus', 1, NULL, NULL),
(5, 'Lenovo', 1, NULL, NULL),
(6, 'Acer', 1, NULL, NULL),
(7, 'Samsung', 1, NULL, NULL),
(8, 'LG', 1, NULL, NULL);

-- --------------------------------------------------------

--
-- Cấu trúc bảng cho bảng `comment`
--

CREATE TABLE `comment` (
  `id` int(10) NOT NULL,
  `customer_id` int(10) NOT NULL,
  `content` text COLLATE utf8_unicode_ci NOT NULL,
  `status` int(2) NOT NULL,
  `product_id` int(10) DEFAULT NULL
) ENGINE=InnoDB DEFAULT CHARSET=utf8 COLLATE=utf8_unicode_ci;

--
-- Đang đổ dữ liệu cho bảng `comment`
--

INSERT INTO `comment` (`id`, `customer_id`, `content`, `status`, `product_id`) VALUES
(1, 9, 'aaaaaad qada', 1, NULL);

-- --------------------------------------------------------

--
-- Cấu trúc bảng cho bảng `customer`
--

CREATE TABLE `customer` (
  `id` int(10) NOT NULL,
  `name` varchar(255) COLLATE utf8_unicode_ci NOT NULL,
  `email` varchar(255) COLLATE utf8_unicode_ci NOT NULL,
  `password` varchar(255) COLLATE utf8_unicode_ci DEFAULT NULL,
  `address` varchar(255) COLLATE utf8_unicode_ci NOT NULL,
  `phone` int(20) NOT NULL,
  `gender` tinyint(1) NOT NULL,
  `status` int(2) NOT NULL
) ENGINE=InnoDB DEFAULT CHARSET=utf8 COLLATE=utf8_unicode_ci;

--
-- Đang đổ dữ liệu cho bảng `customer`
--

INSERT INTO `customer` (`id`, `name`, `email`, `password`, `address`, `phone`, `gender`, `status`) VALUES
(1, 'chien', 'aaa@gmail.com', NULL, 'qwe wq2', 123123124, 1, 0),
(2, '2', 'aaa@gmail.com', NULL, 'qwe wq1', 123123124, 1, 0),
(3, 'chien23', 'aaa@gmail.com', NULL, 'qwe wq4', 123123124, 1, 0),
(4, 'chien233', 'aaa@gmail.com', NULL, 'qwe wq1', 123123124, 1, 0),
(5, 'sdasdas', 'admin@gmail.com', NULL, 'ssdasd1', 1231231231, 1, 0),
(6, 'ádasda', 'chiedv92@gmail.com', NULL, 'aaa', 123123, 1, 0),
(7, 'qqqqq', 'admin@gmail.com', NULL, 'qưeqwe', 123123123, 1, 0),
(8, 'do văn chien', 'chiendv92@gmail.com', NULL, 'thanh hà hai dươg', 12123, 1, 0),
(9, '123', 'aa@gmail.com', NULL, '123', 123123, 1, 1);

-- --------------------------------------------------------

--
-- Cấu trúc bảng cho bảng `image`
--

CREATE TABLE `image` (
  `id` int(10) NOT NULL,
  `product_id` int(10) NOT NULL,
  `images` varchar(255) COLLATE utf8_unicode_ci DEFAULT NULL,
  `status` int(10) DEFAULT NULL
) ENGINE=InnoDB DEFAULT CHARSET=utf8 COLLATE=utf8_unicode_ci;

--
-- Đang đổ dữ liệu cho bảng `image`
--

INSERT INTO `image` (`id`, `product_id`, `images`, `status`) VALUES
(32, 10, 'dell-gaming-laptop-original-imaewphfgashevp5.jpeg', NULL),
(33, 10, 'dell-gaming-laptop-original-imaewphfgashevp5.jpeg', NULL),
(34, 10, 'dell-xps-15-main.jpg', NULL),
(35, 11, 'may-xach-tay-laptop-acer-spin-5-sp513-52n-556v-nx-gr7sv-004-xam-1.jpg', NULL),
(36, 11, 'may-xach-tay-laptop-acer-spin-5-sp513-52n-556v-nx-gr7sv-004-xam-2.jpg', NULL),
(37, 11, 'may-xach-tay-laptop-acer-spin-5-sp513-52n-556v-nx-gr7sv-004-xam-3.jpg', NULL),
(38, 11, 'may-xach-tay-laptop-acer-spin-5-sp513-52n-556v-nx-gr7sv-004-xam-4.jpg', NULL),
(39, 11, 'may-xach-tay-laptop-acer-spin-5-sp513-52n-556v-nx-gr7sv-004-xam-2.jpg', NULL),
(40, 12, '29e7bafe4a0124c594573687517e57a9.jpg', NULL),
(41, 12, 'may-xach-tay-laptop-dell-vostro-3578-v3578c-den-4.jpg', NULL),
(42, 13, 'hp-250-g6-i3-6006u-2fg16pa-400-450x300copy-450x300.jpg', NULL),
(43, 13, 'hp-250-g6-i3-6006u-2fg16pa-400-450x300copy-450x300.jpg', NULL),
(44, 14, 'hp-250-g6-i3-6006u-2fg16pa-400-450x300copy-450x300.jpg', NULL),
(45, 15, 'hp-250-g6-i3-6006u-2fg16pa-400-450x300copy-450x300.jpg', NULL),
(46, 15, 'hp-250-g6-i3-6006u-2fg16pa-400-450x300copy-450x300 (1).jpg', NULL),
(47, 16, 'dell-inspiron-15-n3567-c5i31120-core-i3-6006u-4gb-1-450x300.jpg', NULL),
(48, 16, 'hp-14-bs561tu-pqc-n3710-4g-500g5-140hd-bt4-4c41whr-1-450x300.jpg', NULL),
(49, 16, 'hp-250-g6-i3-6006u-2fg16pa-400-450x300copy-450x300 (1).jpg', NULL),
(50, 16, 'dell-inspiron-5379-i7-8550u-c3ti7501w-450-450x300.jpg', NULL),
(51, 17, 'dell-inspiron-15-n3567-c5i31120-core-i3-6006u-4gb-1-450x300.jpg', NULL),
(52, 18, 'hp-14-bs561tu-pqc-n3710-4g-500g5-140hd-bt4-4c41whr-1-450x300.jpg', NULL),
(53, 18, 'hp-14-bs561tu-pqc-n3710-4g-500g5-140hd-bt4-4c41whr-1-450x300.jpg', NULL),
(54, 19, 'hp-14-bs561tu-pqc-n3710-4g-500g5-140hd-bt4-4c41whr-1-450x300.jpg', NULL),
(55, 19, 'hp-250-g6-i3-6006u-2fg16pa-400-450x300copy-450x300 (1).jpg', NULL),
(56, 20, 'hp-250-g6-i3-6006u-2fg16pa-400-450x300copy-450x300.jpg', NULL),
(57, 20, 'hp-250-g6-i3-6006u-2fg16pa-400-450x300copy-450x300 (1).jpg', NULL),
(58, 21, '9200000078984664.jpg', NULL);

-- --------------------------------------------------------

--
-- Cấu trúc bảng cho bảng `migrations`
--

CREATE TABLE `migrations` (
  `id` int(10) UNSIGNED NOT NULL,
  `migration` varchar(191) COLLATE utf8mb4_unicode_ci NOT NULL,
  `batch` int(11) NOT NULL
) ENGINE=InnoDB DEFAULT CHARSET=utf8mb4 COLLATE=utf8mb4_unicode_ci;

--
-- Đang đổ dữ liệu cho bảng `migrations`
--

INSERT INTO `migrations` (`id`, `migration`, `batch`) VALUES
(1, '2014_10_12_000000_create_users_table', 1),
(2, '2014_10_12_100000_create_password_resets_table', 1),
(3, '2018_08_01_154850_create_category_table', 1);

-- --------------------------------------------------------

--
-- Cấu trúc bảng cho bảng `order`
--

CREATE TABLE `order` (
  `id` int(10) NOT NULL,
  `customer_id` int(10) NOT NULL,
  `date_orders` date DEFAULT NULL,
  `total` int(255) DEFAULT NULL,
  `status` int(10) NOT NULL,
  `type` int(2) NOT NULL
) ENGINE=InnoDB DEFAULT CHARSET=utf8 COLLATE=utf8_unicode_ci;

--
-- Đang đổ dữ liệu cho bảng `order`
--

INSERT INTO `order` (`id`, `customer_id`, `date_orders`, `total`, `status`, `type`) VALUES
(1, 3, '2018-09-09', 11, 1, 0),
(2, 4, '2018-09-09', 11, 0, 1),
(3, 5, '2018-09-09', 11, 2, 1),
(4, 6, '2018-09-28', 11, 1, 0),
(5, 7, '2018-09-28', 11, 2, 1),
(6, 8, '2018-09-28', 11, 0, 1);

-- --------------------------------------------------------

--
-- Cấu trúc bảng cho bảng `orderdetail`
--

CREATE TABLE `orderdetail` (
  `id` int(10) NOT NULL,
  `order_id` int(10) NOT NULL,
  `product_id` int(10) NOT NULL,
  `qty` int(255) NOT NULL,
  `price_unit` int(244) DEFAULT NULL
) ENGINE=InnoDB DEFAULT CHARSET=utf8 COLLATE=utf8_unicode_ci;

--
-- Đang đổ dữ liệu cho bảng `orderdetail`
--

INSERT INTO `orderdetail` (`id`, `order_id`, `product_id`, `qty`, `price_unit`) VALUES
(9, 5, 10, 1, 20000000);

-- --------------------------------------------------------

--
-- Cấu trúc bảng cho bảng `password_resets`
--

CREATE TABLE `password_resets` (
  `email` varchar(191) COLLATE utf8mb4_unicode_ci NOT NULL,
  `token` varchar(191) COLLATE utf8mb4_unicode_ci NOT NULL,
  `created_at` timestamp NULL DEFAULT NULL
) ENGINE=InnoDB DEFAULT CHARSET=utf8mb4 COLLATE=utf8mb4_unicode_ci;

-- --------------------------------------------------------

--
-- Cấu trúc bảng cho bảng `product`
--

CREATE TABLE `product` (
  `id` int(10) NOT NULL,
  `cate_id` int(10) UNSIGNED NOT NULL,
  `code` varchar(255) COLLATE utf8mb4_unicode_ci DEFAULT NULL,
  `name` varchar(191) COLLATE utf8mb4_unicode_ci DEFAULT NULL,
  `slug` varchar(191) COLLATE utf8mb4_unicode_ci DEFAULT NULL,
  `content` text COLLATE utf8mb4_unicode_ci,
  `description` text COLLATE utf8mb4_unicode_ci,
  `price` varchar(191) COLLATE utf8mb4_unicode_ci DEFAULT NULL,
  `sale` varchar(191) COLLATE utf8mb4_unicode_ci DEFAULT NULL,
  `tosale` datetime DEFAULT NULL,
  `fromsale` datetime DEFAULT NULL,
  `image` varchar(191) COLLATE utf8mb4_unicode_ci DEFAULT NULL,
  `qty` varchar(191) COLLATE utf8mb4_unicode_ci DEFAULT NULL,
  `status` int(10) DEFAULT NULL,
  `created_at` timestamp NULL DEFAULT NULL,
  `updated_at` timestamp NULL DEFAULT NULL
) ENGINE=InnoDB DEFAULT CHARSET=utf8mb4 COLLATE=utf8mb4_unicode_ci;

--
-- Đang đổ dữ liệu cho bảng `product`
--

INSERT INTO `product` (`id`, `cate_id`, `code`, `name`, `slug`, `content`, `description`, `price`, `sale`, `tosale`, `fromsale`, `image`, `qty`, `status`, `created_at`, `updated_at`) VALUES
(10, 2, 'd7557', 'Dell 7557', '2', '1', '<span style=\"color: rgb(51, 51, 51); font-family: Roboto, sans-serif; font-size: 14px; background-color: rgb(255, 255, 255);\">-&nbsp;</span><a class=\"linkify\" title=\"cpu\" href=\"https://phongvu.vn/linh-kien-may-tinh/cpu-bo-vi-xu-ly.cat\" target=\"_blank\" rel=\"author\" style=\"box-sizing: border-box; background-color: rgb(255, 255, 255); color: rgb(51, 51, 51); text-decoration-line: none; cursor: unset; font-family: Roboto, sans-serif; font-size: 14px;\"></a><a class=\"linkify\" title=\"cpu\" href=\"https://phongvu.vn/linh-kien-may-tinh/cpu-bo-vi-xu-ly.cat\" target=\"_blank\" rel=\"author\" style=\"box-sizing: border-box; background-color: rgb(255, 255, 255); color: rgb(51, 51, 51); text-decoration-line: none; cursor: unset; font-family: Roboto, sans-serif; font-size: 14px;\">CPU</a><span style=\"color: rgb(51, 51, 51); font-family: Roboto, sans-serif; font-size: 14px; background-color: rgb(255, 255, 255);\">: Intel Core&nbsp;</span><a class=\"linkify\" title=\"i5-8250U\" href=\"https://phongvu.vn/catalogsearch/result/?q=i5%208250\" target=\"_blank\" rel=\"author\" style=\"box-sizing: border-box; background-color: rgb(255, 255, 255); color: rgb(51, 51, 51); text-decoration-line: none; cursor: unset; font-family: Roboto, sans-serif; font-size: 14px;\"></a><a class=\"linkify\" title=\"i5\" href=\"https://phongvu.vn/linh-kien-may-tinh/cpu-bo-vi-xu-ly/intel-core-i5.cat\" target=\"_blank\" rel=\"author\" style=\"box-sizing: border-box; background-color: rgb(255, 255, 255); color: rgb(51, 51, 51); text-decoration-line: none; cursor: unset; font-family: Roboto, sans-serif; font-size: 14px;\"></a><a class=\"linkify\" title=\"i5\" href=\"https://phongvu.vn/linh-kien-may-tinh/cpu-bo-vi-xu-ly/intel-core-i5.cat\" target=\"_blank\" rel=\"author\" style=\"box-sizing: border-box; background-color: rgb(255, 255, 255); color: rgb(51, 51, 51); text-decoration-line: none; cursor: unset; font-family: Roboto, sans-serif; font-size: 14px;\">i5</a><span style=\"color: rgb(51, 51, 51); font-family: Roboto, sans-serif; font-size: 14px; background-color: rgb(255, 255, 255);\">-8250U (1.60 Ghz up to 3.40 Ghz, 6M Cache)</span><br style=\"box-sizing: border-box; color: rgb(51, 51, 51); font-family: Roboto, sans-serif; font-size: 14px; background-color: rgb(255, 255, 255);\"><span style=\"color: rgb(51, 51, 51); font-family: Roboto, sans-serif; font-size: 14px; background-color: rgb(255, 255, 255);\">-&nbsp;</span><a class=\"linkify\" title=\"RAM\" href=\"https://phongvu.vn/linh-kien-may-tinh/ram-bo-nho-du-lieu-tam-thoi.cat\" target=\"_blank\" rel=\"author\" style=\"box-sizing: border-box; background-color: rgb(255, 255, 255); color: rgb(51, 51, 51); text-decoration-line: none; cursor: unset; font-family: Roboto, sans-serif; font-size: 14px;\"></a><a class=\"linkify\" title=\"RAM\" href=\"https://phongvu.vn/linh-kien-may-tinh/ram-bo-nho-du-lieu-tam-thoi.cat\" target=\"_blank\" rel=\"author\" style=\"box-sizing: border-box; background-color: rgb(255, 255, 255); color: rgb(51, 51, 51); text-decoration-line: none; cursor: unset; font-family: Roboto, sans-serif; font-size: 14px;\">RAM</a><span style=\"color: rgb(51, 51, 51); font-family: Roboto, sans-serif; font-size: 14px; background-color: rgb(255, 255, 255);\">: 8GB&nbsp;</span><a class=\"linkify\" title=\"ddr4\" href=\"https://phongvu.vn/linh-kien-may-tinh/ram-bo-nho-du-lieu-tam-thoi/ram-ddr4.cat\" target=\"_blank\" rel=\"author\" style=\"box-sizing: border-box; background-color: rgb(255, 255, 255); color: rgb(51, 51, 51); text-decoration-line: none; cursor: unset; font-family: Roboto, sans-serif; font-size: 14px;\"></a><a class=\"linkify\" title=\"ddr4\" href=\"https://phongvu.vn/linh-kien-may-tinh/ram-bo-nho-du-lieu-tam-thoi/ram-ddr4.cat\" target=\"_blank\" rel=\"author\" style=\"box-sizing: border-box; background-color: rgb(255, 255, 255); color: rgb(51, 51, 51); text-decoration-line: none; cursor: unset; font-family: Roboto, sans-serif; font-size: 14px;\">DDR4</a><span style=\"color: rgb(51, 51, 51); font-family: Roboto, sans-serif; font-size: 14px; background-color: rgb(255, 255, 255);\">&nbsp;2400 MHz (Không nâng cấp được)</span><br style=\"box-sizing: border-box; color: rgb(51, 51, 51); font-family: Roboto, sans-serif; font-size: 14px; background-color: rgb(255, 255, 255);\"><span style=\"color: rgb(51, 51, 51); font-family: Roboto, sans-serif; font-size: 14px; background-color: rgb(255, 255, 255);\">-&nbsp;</span><a class=\"linkify\" title=\"vga\" href=\"https://phongvu.vn/linh-kien-may-tinh/vga-card-man-hinh.cat\" target=\"_blank\" rel=\"author\" style=\"box-sizing: border-box; background-color: rgb(255, 255, 255); color: rgb(51, 51, 51); text-decoration-line: none; cursor: unset; font-family: Roboto, sans-serif; font-size: 14px;\"></a><a class=\"linkify\" title=\"vga\" href=\"https://phongvu.vn/linh-kien-may-tinh/vga-card-man-hinh.cat\" target=\"_blank\" rel=\"author\" style=\"box-sizing: border-box; background-color: rgb(255, 255, 255); color: rgb(51, 51, 51); text-decoration-line: none; cursor: unset; font-family: Roboto, sans-serif; font-size: 14px;\">VGA</a><span style=\"color: rgb(51, 51, 51); font-family: Roboto, sans-serif; font-size: 14px; background-color: rgb(255, 255, 255);\">: Intel HD Graphics 620</span><br style=\"box-sizing: border-box; color: rgb(51, 51, 51); font-family: Roboto, sans-serif; font-size: 14px; background-color: rgb(255, 255, 255);\"><span style=\"color: rgb(51, 51, 51); font-family: Roboto, sans-serif; font-size: 14px; background-color: rgb(255, 255, 255);\">- Ổ cứng:&nbsp;</span><a class=\"linkify\" title=\"ssd\" href=\"https://phongvu.vn/linh-kien-may-tinh/o-cung-ssd-hdd/o-cung-ssd.cat\" target=\"_blank\" rel=\"author\" style=\"box-sizing: border-box; background-color: rgb(255, 255, 255); color: rgb(51, 51, 51); text-decoration-line: none; cursor: unset; font-family: Roboto, sans-serif; font-size: 14px;\"></a><a class=\"linkify\" title=\"ssd\" href=\"https://phongvu.vn/linh-kien-may-tinh/o-cung-ssd-hdd/o-cung-ssd.cat\" target=\"_blank\" rel=\"author\" style=\"box-sizing: border-box; background-color: rgb(255, 255, 255); color: rgb(51, 51, 51); text-decoration-line: none; cursor: unset; font-family: Roboto, sans-serif; font-size: 14px;\">SSD</a><span style=\"color: rgb(51, 51, 51); font-family: Roboto, sans-serif; font-size: 14px; background-color: rgb(255, 255, 255);\">&nbsp;M.2 256GB&nbsp;</span><br style=\"box-sizing: border-box; color: rgb(51, 51, 51); font-family: Roboto, sans-serif; font-size: 14px; background-color: rgb(255, 255, 255);\"><span style=\"color: rgb(51, 51, 51); font-family: Roboto, sans-serif; font-size: 14px; background-color: rgb(255, 255, 255);\">- Khe mở rộng M.2: Có</span><br style=\"box-sizing: border-box; color: rgb(51, 51, 51); font-family: Roboto, sans-serif; font-size: 14px; background-color: rgb(255, 255, 255);\"><span style=\"color: rgb(51, 51, 51); font-family: Roboto, sans-serif; font-size: 14px; background-color: rgb(255, 255, 255);\">-&nbsp;</span><a class=\"linkify\" title=\"màn hình\" href=\"https://phongvu.vn/man-hinh-may-tinh.cat\" target=\"_blank\" rel=\"author\" style=\"box-sizing: border-box; background-color: rgb(255, 255, 255); color: rgb(51, 51, 51); text-decoration-line: none; cursor: unset; font-family: Roboto, sans-serif; font-size: 14px;\">Màn hình</a><span style=\"color: rgb(51, 51, 51); font-family: Roboto, sans-serif; font-size: 14px; background-color: rgb(255, 255, 255);\">: 13.3\" (1920 x 1080) - Cảm ứng</span><br style=\"box-sizing: border-box; color: rgb(51, 51, 51); font-family: Roboto, sans-serif; font-size: 14px; background-color: rgb(255, 255, 255);\"><span style=\"color: rgb(51, 51, 51); font-family: Roboto, sans-serif; font-size: 14px; background-color: rgb(255, 255, 255);\">- Cổng giao tiếp:&nbsp;</span><a class=\"linkify\" title=\"hdmi\" href=\"https://phongvu.vn/hoi-dap/hdmi-la-gi\" target=\"_blank\" rel=\"author\" style=\"box-sizing: border-box; background-color: rgb(255, 255, 255); color: rgb(51, 51, 51); text-decoration-line: none; cursor: unset; font-family: Roboto, sans-serif; font-size: 14px;\"></a><a class=\"linkify\" title=\"hdmi\" href=\"https://phongvu.vn/hoi-dap/hdmi-la-gi\" target=\"_blank\" rel=\"author\" style=\"box-sizing: border-box; background-color: rgb(255, 255, 255); color: rgb(51, 51, 51); text-decoration-line: none; cursor: unset; font-family: Roboto, sans-serif; font-size: 14px;\">HDMI</a><span style=\"color: rgb(51, 51, 51); font-family: Roboto, sans-serif; font-size: 14px; background-color: rgb(255, 255, 255);\">,&nbsp;</span><a class=\"linkify\" title=\"usb\" href=\"https://phongvu.vn/phu-kien/usb.cat\" target=\"_blank\" rel=\"author\" style=\"box-sizing: border-box; background-color: rgb(255, 255, 255); color: rgb(51, 51, 51); text-decoration-line: none; cursor: unset; font-family: Roboto, sans-serif; font-size: 14px;\"></a><a class=\"linkify\" title=\"usb\" href=\"https://phongvu.vn/phu-kien/usb.cat\" target=\"_blank\" rel=\"author\" style=\"box-sizing: border-box; background-color: rgb(255, 255, 255); color: rgb(51, 51, 51); text-decoration-line: none; cursor: unset; font-family: Roboto, sans-serif; font-size: 14px;\">USB</a><span style=\"color: rgb(51, 51, 51); font-family: Roboto, sans-serif; font-size: 14px; background-color: rgb(255, 255, 255);\">&nbsp;Type-C/DP, 2x&nbsp;</span><a class=\"linkify\" title=\"usb\" href=\"https://phongvu.vn/phu-kien/usb.cat\" target=\"_blank\" rel=\"author\" style=\"box-sizing: border-box; background-color: rgb(255, 255, 255); color: rgb(51, 51, 51); text-decoration-line: none; cursor: unset; font-family: Roboto, sans-serif; font-size: 14px;\"></a><a class=\"linkify\" title=\"usb\" href=\"https://phongvu.vn/phu-kien/usb.cat\" target=\"_blank\" rel=\"author\" style=\"box-sizing: border-box; background-color: rgb(255, 255, 255); color: rgb(51, 51, 51); text-decoration-line: none; cursor: unset; font-family: Roboto, sans-serif; font-size: 14px;\">USB</a><span style=\"color: rgb(51, 51, 51); font-family: Roboto, sans-serif; font-size: 14px; background-color: rgb(255, 255, 255);\">&nbsp;3.0,&nbsp;</span><a class=\"linkify\" title=\"usb\" href=\"https://phongvu.vn/phu-kien/usb.cat\" target=\"_blank\" rel=\"author\" style=\"box-sizing: border-box; background-color: rgb(255, 255, 255); color: rgb(51, 51, 51); text-decoration-line: none; cursor: unset; font-family: Roboto, sans-serif; font-size: 14px;\"></a><a class=\"linkify\" title=\"usb\" href=\"https://phongvu.vn/phu-kien/usb.cat\" target=\"_blank\" rel=\"author\" style=\"box-sizing: border-box; background-color: rgb(255, 255, 255); color: rgb(51, 51, 51); text-decoration-line: none; cursor: unset; font-family: Roboto, sans-serif; font-size: 14px;\">USB</a><span style=\"color: rgb(51, 51, 51); font-family: Roboto, sans-serif; font-size: 14px; background-color: rgb(255, 255, 255);\">&nbsp;2.0</span><br style=\"box-sizing: border-box; color: rgb(51, 51, 51); font-family: Roboto, sans-serif; font-size: 14px; background-color: rgb(255, 255, 255);\"><span style=\"color: rgb(51, 51, 51); font-family: Roboto, sans-serif; font-size: 14px; background-color: rgb(255, 255, 255);\">- Wifi AC, NO LAN, Bluetooth 4.1, Finger print,&nbsp;</span><a class=\"linkify\" title=\"webcam\" href=\"https://phongvu.vn/phu-kien/webcam.cat\" target=\"_blank\" rel=\"author\" style=\"box-sizing: border-box; background-color: rgb(255, 255, 255); color: rgb(51, 51, 51); text-decoration-line: none; cursor: unset; font-family: Roboto, sans-serif; font-size: 14px;\"></a><a class=\"linkify\" title=\"webcam\" href=\"https://phongvu.vn/phu-kien/webcam.cat\" target=\"_blank\" rel=\"author\" style=\"box-sizing: border-box; background-color: rgb(255, 255, 255); color: rgb(51, 51, 51); text-decoration-line: none; cursor: unset; font-family: Roboto, sans-serif; font-size: 14px;\">Webcam</a><span style=\"color: rgb(51, 51, 51); font-family: Roboto, sans-serif; font-size: 14px; background-color: rgb(255, 255, 255);\">&nbsp;HD, Card reader, Led Keyboard</span><br style=\"box-sizing: border-box; color: rgb(51, 51, 51); font-family: Roboto, sans-serif; font-size: 14px; background-color: rgb(255, 255, 255);\"><span style=\"color: rgb(51, 51, 51); font-family: Roboto, sans-serif; font-size: 14px; background-color: rgb(255, 255, 255);\">- Khối lượng: 1.54 Kg, pin 3 cell</span><br style=\"box-sizing: border-box; color: rgb(51, 51, 51); font-family: Roboto, sans-serif; font-size: 14px; background-color: rgb(255, 255, 255);\"><span style=\"color: rgb(51, 51, 51); font-family: Roboto, sans-serif; font-size: 14px; background-color: rgb(255, 255, 255);\">- Hệ điều hành:&nbsp;</span><a class=\"linkify\" title=\"Win 10 Home\" href=\"https://phongvu.vn/thuong-hieu/microsoft/microsoft-windows/ph-n-m-m-win-10-home-32-64-bit-eng-intl-usb-kw9-00017.html\" target=\"_blank\" rel=\"author\" style=\"box-sizing: border-box; background-color: rgb(255, 255, 255); color: rgb(51, 51, 51); text-decoration-line: none; cursor: unset; font-family: Roboto, sans-serif; font-size: 14px;\"></a><a class=\"linkify\" title=\"Win 10 Home\" href=\"https://phongvu.vn/thuong-hieu/microsoft/microsoft-windows/ph-n-m-m-win-10-home-32-64-bit-eng-intl-usb-kw9-00017.html\" target=\"_blank\" rel=\"author\" style=\"box-sizing: border-box; background-color: rgb(255, 255, 255); color: rgb(51, 51, 51); text-decoration-line: none; cursor: unset; font-family: Roboto, sans-serif; font-size: 14px;\">Win 10 Home</a>', '20000000', '0', NULL, NULL, 'ip7_32.jpg', '14', 1, NULL, NULL),
(11, 6, 'SP513-52N-556V', 'Acer Spin 5', '3', '<p style=\"box-sizing: inherit; margin: 0px 0px 10px; color: rgb(51, 51, 51); font-family: Arial, sans-serif; font-size: 14px;\">Cụ thể mẫu Inspiron 15 7559 trong bài viết có giá khoảng 23 triệu đồng, cấu hình dùng chip Skylake Core i5-6300HQ, đồ họa rời GeForce GTX 960M với 4GB GDDR5 bộ nhớ đồ họa, 8GB RAM DDR3 bus 1.600 MHz cùng màn hình 15,6 inch độ phân giải Full HD. Đây cũng được xem là đối thủ nặng ký khi so với các mẫu laptop chơi game cùng phân khúc như Acer Aspire V 15 NitroBlack Editio, Asus ROG GL552J, MSI GL72 6QD hoặc Lenovo Ideapad 700.</p><p style=\"box-sizing: inherit; margin: 0px 0px 10px; color: rgb(51, 51, 51); font-family: Arial, sans-serif; font-size: 14px;\"><span style=\"box-sizing: inherit; font-weight: 700;\">Kiểu dáng, thiết kế</span></p><p style=\"box-sizing: inherit; margin: 0px 0px 10px; color: rgb(51, 51, 51); font-family: Arial, sans-serif; font-size: 14px;\">Sản phẩm có vẻ ngoài khá đẹp, kiểu dáng thể thao cùng những đường nét cách điệu, thể hiện sự duyên dáng trong thiết kế. Khác với những sản phẩm trước đây, sự thay đổi dễ nhận thấy của Inspiron 7559 là chuyển sang dùng tông màu đỏ đen tạo điểm nhấn. Chân đế cao su cỡ lớn, chạy ngang theo thân máy có tác dụng chống trượt và hấp thụ chấn động tốt hơn.</p>', '<span style=\"color: rgb(51, 51, 51); font-family: Roboto, sans-serif; font-size: 14px; background-color: rgb(255, 255, 255);\">-&nbsp;</span><a class=\"linkify\" title=\"cpu\" href=\"https://phongvu.vn/linh-kien-may-tinh/cpu-bo-vi-xu-ly.cat\" target=\"_blank\" rel=\"author\" style=\"box-sizing: border-box; background-color: rgb(255, 255, 255); color: rgb(51, 51, 51); text-decoration-line: none; cursor: unset; font-family: Roboto, sans-serif; font-size: 14px;\"></a><a class=\"linkify\" title=\"cpu\" href=\"https://phongvu.vn/linh-kien-may-tinh/cpu-bo-vi-xu-ly.cat\" target=\"_blank\" rel=\"author\" style=\"box-sizing: border-box; background-color: rgb(255, 255, 255); color: rgb(51, 51, 51); text-decoration-line: none; cursor: unset; font-family: Roboto, sans-serif; font-size: 14px;\">CPU</a><span style=\"color: rgb(51, 51, 51); font-family: Roboto, sans-serif; font-size: 14px; background-color: rgb(255, 255, 255);\">: Intel Core&nbsp;</span><a class=\"linkify\" title=\"i5-8250U\" href=\"https://phongvu.vn/catalogsearch/result/?q=i5%208250\" target=\"_blank\" rel=\"author\" style=\"box-sizing: border-box; background-color: rgb(255, 255, 255); color: rgb(51, 51, 51); text-decoration-line: none; cursor: unset; font-family: Roboto, sans-serif; font-size: 14px;\"></a><a class=\"linkify\" title=\"i5\" href=\"https://phongvu.vn/linh-kien-may-tinh/cpu-bo-vi-xu-ly/intel-core-i5.cat\" target=\"_blank\" rel=\"author\" style=\"box-sizing: border-box; background-color: rgb(255, 255, 255); color: rgb(51, 51, 51); text-decoration-line: none; cursor: unset; font-family: Roboto, sans-serif; font-size: 14px;\"></a><a class=\"linkify\" title=\"i5\" href=\"https://phongvu.vn/linh-kien-may-tinh/cpu-bo-vi-xu-ly/intel-core-i5.cat\" target=\"_blank\" rel=\"author\" style=\"box-sizing: border-box; background-color: rgb(255, 255, 255); color: rgb(51, 51, 51); text-decoration-line: none; cursor: unset; font-family: Roboto, sans-serif; font-size: 14px;\">i5</a><span style=\"color: rgb(51, 51, 51); font-family: Roboto, sans-serif; font-size: 14px; background-color: rgb(255, 255, 255);\">-8250U (1.60 Ghz up to 3.40 Ghz, 6M Cache)</span><br style=\"box-sizing: border-box; color: rgb(51, 51, 51); font-family: Roboto, sans-serif; font-size: 14px; background-color: rgb(255, 255, 255);\"><span style=\"color: rgb(51, 51, 51); font-family: Roboto, sans-serif; font-size: 14px; background-color: rgb(255, 255, 255);\">-&nbsp;</span><a class=\"linkify\" title=\"RAM\" href=\"https://phongvu.vn/linh-kien-may-tinh/ram-bo-nho-du-lieu-tam-thoi.cat\" target=\"_blank\" rel=\"author\" style=\"box-sizing: border-box; background-color: rgb(255, 255, 255); color: rgb(51, 51, 51); text-decoration-line: none; cursor: unset; font-family: Roboto, sans-serif; font-size: 14px;\"></a><a class=\"linkify\" title=\"RAM\" href=\"https://phongvu.vn/linh-kien-may-tinh/ram-bo-nho-du-lieu-tam-thoi.cat\" target=\"_blank\" rel=\"author\" style=\"box-sizing: border-box; background-color: rgb(255, 255, 255); color: rgb(51, 51, 51); text-decoration-line: none; cursor: unset; font-family: Roboto, sans-serif; font-size: 14px;\">RAM</a><span style=\"color: rgb(51, 51, 51); font-family: Roboto, sans-serif; font-size: 14px; background-color: rgb(255, 255, 255);\">: 8GB&nbsp;</span><a class=\"linkify\" title=\"ddr4\" href=\"https://phongvu.vn/linh-kien-may-tinh/ram-bo-nho-du-lieu-tam-thoi/ram-ddr4.cat\" target=\"_blank\" rel=\"author\" style=\"box-sizing: border-box; background-color: rgb(255, 255, 255); color: rgb(51, 51, 51); text-decoration-line: none; cursor: unset; font-family: Roboto, sans-serif; font-size: 14px;\"></a><a class=\"linkify\" title=\"ddr4\" href=\"https://phongvu.vn/linh-kien-may-tinh/ram-bo-nho-du-lieu-tam-thoi/ram-ddr4.cat\" target=\"_blank\" rel=\"author\" style=\"box-sizing: border-box; background-color: rgb(255, 255, 255); color: rgb(51, 51, 51); text-decoration-line: none; cursor: unset; font-family: Roboto, sans-serif; font-size: 14px;\">DDR4</a><span style=\"color: rgb(51, 51, 51); font-family: Roboto, sans-serif; font-size: 14px; background-color: rgb(255, 255, 255);\">&nbsp;2400 MHz (Không nâng cấp được)</span><br style=\"box-sizing: border-box; color: rgb(51, 51, 51); font-family: Roboto, sans-serif; font-size: 14px; background-color: rgb(255, 255, 255);\"><span style=\"color: rgb(51, 51, 51); font-family: Roboto, sans-serif; font-size: 14px; background-color: rgb(255, 255, 255);\">-&nbsp;</span><a class=\"linkify\" title=\"vga\" href=\"https://phongvu.vn/linh-kien-may-tinh/vga-card-man-hinh.cat\" target=\"_blank\" rel=\"author\" style=\"box-sizing: border-box; background-color: rgb(255, 255, 255); color: rgb(51, 51, 51); text-decoration-line: none; cursor: unset; font-family: Roboto, sans-serif; font-size: 14px;\"></a><a class=\"linkify\" title=\"vga\" href=\"https://phongvu.vn/linh-kien-may-tinh/vga-card-man-hinh.cat\" target=\"_blank\" rel=\"author\" style=\"box-sizing: border-box; background-color: rgb(255, 255, 255); color: rgb(51, 51, 51); text-decoration-line: none; cursor: unset; font-family: Roboto, sans-serif; font-size: 14px;\">VGA</a><span style=\"color: rgb(51, 51, 51); font-family: Roboto, sans-serif; font-size: 14px; background-color: rgb(255, 255, 255);\">: Intel HD Graphics 620</span><br style=\"box-sizing: border-box; color: rgb(51, 51, 51); font-family: Roboto, sans-serif; font-size: 14px; background-color: rgb(255, 255, 255);\"><span style=\"color: rgb(51, 51, 51); font-family: Roboto, sans-serif; font-size: 14px; background-color: rgb(255, 255, 255);\">- Ổ cứng:&nbsp;</span><a class=\"linkify\" title=\"ssd\" href=\"https://phongvu.vn/linh-kien-may-tinh/o-cung-ssd-hdd/o-cung-ssd.cat\" target=\"_blank\" rel=\"author\" style=\"box-sizing: border-box; background-color: rgb(255, 255, 255); color: rgb(51, 51, 51); text-decoration-line: none; cursor: unset; font-family: Roboto, sans-serif; font-size: 14px;\"></a><a class=\"linkify\" title=\"ssd\" href=\"https://phongvu.vn/linh-kien-may-tinh/o-cung-ssd-hdd/o-cung-ssd.cat\" target=\"_blank\" rel=\"author\" style=\"box-sizing: border-box; background-color: rgb(255, 255, 255); color: rgb(51, 51, 51); text-decoration-line: none; cursor: unset; font-family: Roboto, sans-serif; font-size: 14px;\">SSD</a><span style=\"color: rgb(51, 51, 51); font-family: Roboto, sans-serif; font-size: 14px; background-color: rgb(255, 255, 255);\">&nbsp;M.2 256GB&nbsp;</span><br style=\"box-sizing: border-box; color: rgb(51, 51, 51); font-family: Roboto, sans-serif; font-size: 14px; background-color: rgb(255, 255, 255);\"><span style=\"color: rgb(51, 51, 51); font-family: Roboto, sans-serif; font-size: 14px; background-color: rgb(255, 255, 255);\">- Khe mở rộng M.2: Có</span><br style=\"box-sizing: border-box; color: rgb(51, 51, 51); font-family: Roboto, sans-serif; font-size: 14px; background-color: rgb(255, 255, 255);\"><span style=\"color: rgb(51, 51, 51); font-family: Roboto, sans-serif; font-size: 14px; background-color: rgb(255, 255, 255);\">-&nbsp;</span><a class=\"linkify\" title=\"màn hình\" href=\"https://phongvu.vn/man-hinh-may-tinh.cat\" target=\"_blank\" rel=\"author\" style=\"box-sizing: border-box; background-color: rgb(255, 255, 255); color: rgb(51, 51, 51); text-decoration-line: none; cursor: unset; font-family: Roboto, sans-serif; font-size: 14px;\">Màn hình</a><span style=\"color: rgb(51, 51, 51); font-family: Roboto, sans-serif; font-size: 14px; background-color: rgb(255, 255, 255);\">: 13.3\" (1920 x 1080) - Cảm ứng</span><br style=\"box-sizing: border-box; color: rgb(51, 51, 51); font-family: Roboto, sans-serif; font-size: 14px; background-color: rgb(255, 255, 255);\"><span style=\"color: rgb(51, 51, 51); font-family: Roboto, sans-serif; font-size: 14px; background-color: rgb(255, 255, 255);\">- Cổng giao tiếp:&nbsp;</span><a class=\"linkify\" title=\"hdmi\" href=\"https://phongvu.vn/hoi-dap/hdmi-la-gi\" target=\"_blank\" rel=\"author\" style=\"box-sizing: border-box; background-color: rgb(255, 255, 255); color: rgb(51, 51, 51); text-decoration-line: none; cursor: unset; font-family: Roboto, sans-serif; font-size: 14px;\"></a><a class=\"linkify\" title=\"hdmi\" href=\"https://phongvu.vn/hoi-dap/hdmi-la-gi\" target=\"_blank\" rel=\"author\" style=\"box-sizing: border-box; background-color: rgb(255, 255, 255); color: rgb(51, 51, 51); text-decoration-line: none; cursor: unset; font-family: Roboto, sans-serif; font-size: 14px;\">HDMI</a><span style=\"color: rgb(51, 51, 51); font-family: Roboto, sans-serif; font-size: 14px; background-color: rgb(255, 255, 255);\">,&nbsp;</span><a class=\"linkify\" title=\"usb\" href=\"https://phongvu.vn/phu-kien/usb.cat\" target=\"_blank\" rel=\"author\" style=\"box-sizing: border-box; background-color: rgb(255, 255, 255); color: rgb(51, 51, 51); text-decoration-line: none; cursor: unset; font-family: Roboto, sans-serif; font-size: 14px;\"></a><a class=\"linkify\" title=\"usb\" href=\"https://phongvu.vn/phu-kien/usb.cat\" target=\"_blank\" rel=\"author\" style=\"box-sizing: border-box; background-color: rgb(255, 255, 255); color: rgb(51, 51, 51); text-decoration-line: none; cursor: unset; font-family: Roboto, sans-serif; font-size: 14px;\">USB</a><span style=\"color: rgb(51, 51, 51); font-family: Roboto, sans-serif; font-size: 14px; background-color: rgb(255, 255, 255);\">&nbsp;Type-C/DP, 2x&nbsp;</span><a class=\"linkify\" title=\"usb\" href=\"https://phongvu.vn/phu-kien/usb.cat\" target=\"_blank\" rel=\"author\" style=\"box-sizing: border-box; background-color: rgb(255, 255, 255); color: rgb(51, 51, 51); text-decoration-line: none; cursor: unset; font-family: Roboto, sans-serif; font-size: 14px;\"></a><a class=\"linkify\" title=\"usb\" href=\"https://phongvu.vn/phu-kien/usb.cat\" target=\"_blank\" rel=\"author\" style=\"box-sizing: border-box; background-color: rgb(255, 255, 255); color: rgb(51, 51, 51); text-decoration-line: none; cursor: unset; font-family: Roboto, sans-serif; font-size: 14px;\">USB</a><span style=\"color: rgb(51, 51, 51); font-family: Roboto, sans-serif; font-size: 14px; background-color: rgb(255, 255, 255);\">&nbsp;3.0,&nbsp;</span><a class=\"linkify\" title=\"usb\" href=\"https://phongvu.vn/phu-kien/usb.cat\" target=\"_blank\" rel=\"author\" style=\"box-sizing: border-box; background-color: rgb(255, 255, 255); color: rgb(51, 51, 51); text-decoration-line: none; cursor: unset; font-family: Roboto, sans-serif; font-size: 14px;\"></a><a class=\"linkify\" title=\"usb\" href=\"https://phongvu.vn/phu-kien/usb.cat\" target=\"_blank\" rel=\"author\" style=\"box-sizing: border-box; background-color: rgb(255, 255, 255); color: rgb(51, 51, 51); text-decoration-line: none; cursor: unset; font-family: Roboto, sans-serif; font-size: 14px;\">USB</a><span style=\"color: rgb(51, 51, 51); font-family: Roboto, sans-serif; font-size: 14px; background-color: rgb(255, 255, 255);\">&nbsp;2.0</span><br style=\"box-sizing: border-box; color: rgb(51, 51, 51); font-family: Roboto, sans-serif; font-size: 14px; background-color: rgb(255, 255, 255);\"><span style=\"color: rgb(51, 51, 51); font-family: Roboto, sans-serif; font-size: 14px; background-color: rgb(255, 255, 255);\">- Wifi AC, NO LAN, Bluetooth 4.1, Finger print,&nbsp;</span><a class=\"linkify\" title=\"webcam\" href=\"https://phongvu.vn/phu-kien/webcam.cat\" target=\"_blank\" rel=\"author\" style=\"box-sizing: border-box; background-color: rgb(255, 255, 255); color: rgb(51, 51, 51); text-decoration-line: none; cursor: unset; font-family: Roboto, sans-serif; font-size: 14px;\"></a><a class=\"linkify\" title=\"webcam\" href=\"https://phongvu.vn/phu-kien/webcam.cat\" target=\"_blank\" rel=\"author\" style=\"box-sizing: border-box; background-color: rgb(255, 255, 255); color: rgb(51, 51, 51); text-decoration-line: none; cursor: unset; font-family: Roboto, sans-serif; font-size: 14px;\">Webcam</a><span style=\"color: rgb(51, 51, 51); font-family: Roboto, sans-serif; font-size: 14px; background-color: rgb(255, 255, 255);\">&nbsp;HD, Card reader, Led Keyboard</span><br style=\"box-sizing: border-box; color: rgb(51, 51, 51); font-family: Roboto, sans-serif; font-size: 14px; background-color: rgb(255, 255, 255);\"><span style=\"color: rgb(51, 51, 51); font-family: Roboto, sans-serif; font-size: 14px; background-color: rgb(255, 255, 255);\">- Khối lượng: 1.54 Kg, pin 3 cell</span><br style=\"box-sizing: border-box; color: rgb(51, 51, 51); font-family: Roboto, sans-serif; font-size: 14px; background-color: rgb(255, 255, 255);\"><span style=\"color: rgb(51, 51, 51); font-family: Roboto, sans-serif; font-size: 14px; background-color: rgb(255, 255, 255);\">- Hệ điều hành:&nbsp;</span><a class=\"linkify\" title=\"Win 10 Home\" href=\"https://phongvu.vn/thuong-hieu/microsoft/microsoft-windows/ph-n-m-m-win-10-home-32-64-bit-eng-intl-usb-kw9-00017.html\" target=\"_blank\" rel=\"author\" style=\"box-sizing: border-box; background-color: rgb(255, 255, 255); color: rgb(51, 51, 51); text-decoration-line: none; cursor: unset; font-family: Roboto, sans-serif; font-size: 14px;\"></a><a class=\"linkify\" title=\"Win 10 Home\" href=\"https://phongvu.vn/thuong-hieu/microsoft/microsoft-windows/ph-n-m-m-win-10-home-32-64-bit-eng-intl-usb-kw9-00017.html\" target=\"_blank\" rel=\"author\" style=\"box-sizing: border-box; background-color: rgb(255, 255, 255); color: rgb(51, 51, 51); text-decoration-line: none; cursor: unset; font-family: Roboto, sans-serif; font-size: 14px;\">Win 10 Home</a>', '20799000', '0', NULL, NULL, 'ip7_32.jpg', '12', 1, NULL, NULL),
(12, 2, 'D3214', 'Dell 3214', NULL, '<h3 style=\"margin: 1.5em auto 0.3em; padding: 0px; border: 0px; vertical-align: baseline; font-variant-numeric: normal; font-variant-east-asian: normal; font-weight: normal; font-stretch: normal; font-size: 22px; line-height: 1.4em; font-family: Arial, Helvetica, sans-serif; color: rgb(51, 51, 51); outline: none; zoom: 1; background-color: rgb(255, 255, 255);\"><strong style=\"margin: 0px; padding: 0px; border: 0px; vertical-align: baseline;\">Thiết kế chắc chắn</strong></h3><p style=\"margin: 0px 0px 10px; padding: 0px; border: 0px; vertical-align: baseline; margin-block-start: 0px; margin-block-end: 0px; padding-inline-start: 0px; text-rendering: geometricPrecision; font-size: 16px; color: rgb(51, 51, 51); font-family: Arial, Helvetica, sans-serif; background-color: rgb(255, 255, 255);\">Dell thuộc dòng&nbsp;<a href=\"https://www.trananh.vn/laptop\" target=\"_blank\" title=\"laptop\" style=\"margin: 0px; padding: 0px; border: 0px; vertical-align: baseline; text-decoration-line: none; color: rgb(40, 138, 214);\">laptop</a>&nbsp;phổ thông. Về phần thiết kế khá đơn giải nổi bật với lớp vỏ nhựa nhưng nắp máy được phủ một lớp sơn tĩnh sang trọng.</p><p style=\"margin: 0px 0px 10px; padding: 0px; border: 0px; vertical-align: baseline; margin-block-start: 0px; margin-block-end: 0px; padding-inline-start: 0px; text-rendering: geometricPrecision; font-size: 16px; color: rgb(51, 51, 51); font-family: Arial, Helvetica, sans-serif; background-color: rgb(255, 255, 255);\">Với kiểu thiết kế sang trọng, chắc chắn phù hợp với những người làm việc văn phòng, doanh nhân.</p>', '<ul class=\"specs\" style=\"margin: 0px; padding: 0px; border: 0px; vertical-align: baseline; margin-block-start: 0px; margin-block-end: 0px; padding-inline-start: 0px; list-style: none; position: relative; overflow: hidden; background: rgb(255, 255, 255); color: rgb(51, 51, 51); font-family: Arial, Helvetica, sans-serif; font-size: 14px;\"><li style=\"margin: 0px; padding: 10px; border: 0px; vertical-align: baseline; background: rgb(244, 244, 244); font-size: 20px; color: rgb(153, 153, 153); display: block !important;\"><span class=\"specname\" style=\"margin: 0px; padding: 0px; border: 0px; vertical-align: baseline; font-size: 14px; color: rgb(51, 51, 51); font-weight: 600;\">CPU:</span><span class=\"specval\" style=\"margin: 0px 0px 0px 5px; padding: 0px; border: 0px; vertical-align: baseline; font-size: 14px; color: rgb(51, 51, 51);\">Intel Core i3 Skylake, 6006U, 2.00 GHz</span></li><li style=\"margin: 0px; padding: 10px; border: 0px; vertical-align: baseline; background-image: initial; background-position: initial; background-size: initial; background-repeat: initial; background-attachment: initial; background-origin: initial; background-clip: initial; font-size: 20px; color: rgb(153, 153, 153); display: block !important;\"><span class=\"specname\" style=\"margin: 0px; padding: 0px; border: 0px; vertical-align: baseline; font-size: 14px; color: rgb(51, 51, 51); font-weight: 600;\">RAM:</span><span class=\"specval\" style=\"margin: 0px 0px 0px 5px; padding: 0px; border: 0px; vertical-align: baseline; font-size: 14px; color: rgb(51, 51, 51);\">4 GB, DDR4 (2 khe), 2400 MHz</span></li><li style=\"margin: 0px; padding: 10px; border: 0px; vertical-align: baseline; background: rgb(244, 244, 244); font-size: 20px; color: rgb(153, 153, 153); display: block !important;\"><span class=\"specname\" style=\"margin: 0px; padding: 0px; border: 0px; vertical-align: baseline; font-size: 14px; color: rgb(51, 51, 51); font-weight: 600;\">Ổ cứng:</span><span class=\"specval\" style=\"margin: 0px 0px 0px 5px; padding: 0px; border: 0px; vertical-align: baseline; font-size: 14px; color: rgb(51, 51, 51);\">HDD: 1 TB</span></li><li style=\"margin: 0px; padding: 10px; border: 0px; vertical-align: baseline; background-image: initial; background-position: initial; background-size: initial; background-repeat: initial; background-attachment: initial; background-origin: initial; background-clip: initial; font-size: 20px; color: rgb(153, 153, 153); display: block !important;\"><span class=\"specname\" style=\"margin: 0px; padding: 0px; border: 0px; vertical-align: baseline; font-size: 14px; color: rgb(51, 51, 51); font-weight: 600;\">Màn hình:</span><span class=\"specval\" style=\"margin: 0px 0px 0px 5px; padding: 0px; border: 0px; vertical-align: baseline; font-size: 14px; color: rgb(51, 51, 51);\">15.6 inch, HD (1366 x 768)</span></li><li style=\"margin: 0px; padding: 10px; border: 0px; vertical-align: baseline; background: rgb(244, 244, 244); font-size: 20px; color: rgb(153, 153, 153); display: block !important;\"><span class=\"specname\" style=\"margin: 0px; padding: 0px; border: 0px; vertical-align: baseline; font-size: 14px; color: rgb(51, 51, 51); font-weight: 600;\">Card màn hình:</span><span class=\"specval\" style=\"margin: 0px 0px 0px 5px; padding: 0px; border: 0px; vertical-align: baseline; font-size: 14px; color: rgb(51, 51, 51);\">Card đồ họa tích hợp, Intel® HD Graphics 520</span></li><li style=\"margin: 0px; padding: 10px; border: 0px; vertical-align: baseline; background-image: initial; background-position: initial; background-size: initial; background-repeat: initial; background-attachment: initial; background-origin: initial; background-clip: initial; font-size: 20px; color: rgb(153, 153, 153); display: block !important;\"><span class=\"specname\" style=\"margin: 0px; padding: 0px; border: 0px; vertical-align: baseline; font-size: 14px; color: rgb(51, 51, 51); font-weight: 600;\">Cổng kết nối:</span><span class=\"specval\" style=\"margin: 0px 0px 0px 5px; padding: 0px; border: 0px; vertical-align: baseline; font-size: 14px; color: rgb(51, 51, 51);\">2 x USB 3.0, HDMI, LAN (RJ45), USB 2.0, VGA (D-Sub)</span></li><li style=\"margin: 0px; padding: 10px; border: 0px; vertical-align: baseline; background: rgb(244, 244, 244); font-size: 20px; color: rgb(153, 153, 153); display: block !important;\"><span class=\"specname\" style=\"margin: 0px; padding: 0px; border: 0px; vertical-align: baseline; font-size: 14px; color: rgb(51, 51, 51); font-weight: 600;\">Hệ điều hành:</span><span class=\"specval\" style=\"margin: 0px 0px 0px 5px; padding: 0px; border: 0px; vertical-align: baseline; font-size: 14px; color: rgb(51, 51, 51);\">Free Dos</span></li><li style=\"margin: 0px; padding: 10px; border: 0px; vertical-align: baseline; background-image: initial; background-position: initial; background-size: initial; background-repeat: initial; background-attachment: initial; background-origin: initial; background-clip: initial; font-size: 20px; color: rgb(153, 153, 153); display: block !important;\"><span class=\"specname\" style=\"margin: 0px; padding: 0px; border: 0px; vertical-align: baseline; font-size: 14px; color: rgb(51, 51, 51); font-weight: 600;\">Thiết kế:</span><span class=\"specval\" style=\"margin: 0px 0px 0px 5px; padding: 0px; border: 0px; vertical-align: baseline; font-size: 14px; color: rgb(51, 51, 51);\">Vỏ nhựa, PIN rời</span></li><li style=\"margin: 0px; padding: 10px; border: 0px; vertical-align: baseline; background: rgb(244, 244, 244); font-size: 20px; color: rgb(153, 153, 153); display: block !important;\"><span class=\"specname\" style=\"margin: 0px; padding: 0px; border: 0px; vertical-align: baseline; font-size: 14px; color: rgb(51, 51, 51); font-weight: 600;\">Kích thước:</span><span class=\"specval\" style=\"margin: 0px 0px 0px 5px; padding: 0px; border: 0px; vertical-align: baseline; font-size: 14px; color: rgb(51, 51, 51);\">Dày 23.8 mm, 1.95 kg</span></li></ul>', '2000000', '10', NULL, NULL, 'ip7_32.jpg', '123', 1, NULL, NULL),
(13, 2, 'D7567', 'Dell 7567', NULL, '<h3 style=\"margin: 1.5em auto 0.3em; padding: 0px; border: 0px; vertical-align: baseline; font-variant-numeric: normal; font-variant-east-asian: normal; font-weight: normal; font-stretch: normal; font-size: 22px; line-height: 1.4em; font-family: Arial, Helvetica, sans-serif; color: rgb(51, 51, 51); outline: none; zoom: 1; background-color: rgb(255, 255, 255);\"><strong style=\"margin: 0px; padding: 0px; border: 0px; vertical-align: baseline;\">Thiết kế vỏ nhựa, đơn giản</strong></h3><p style=\"margin: 0px 0px 10px; padding: 0px; border: 0px; vertical-align: baseline; margin-block-start: 0px; margin-block-end: 0px; padding-inline-start: 0px; text-rendering: geometricPrecision; font-size: 16px; color: rgb(51, 51, 51); font-family: Arial, Helvetica, sans-serif; background-color: rgb(255, 255, 255);\">Laptop&nbsp;<a href=\"https://www.trananh.vn/laptop/dell-inspiron-15-n3567-c5i31120-core-i3-6006u-4gb\" target=\"_blank\" title=\"Dell Inspiron 15 N3567\" style=\"margin: 0px; padding: 0px; border: 0px; vertical-align: baseline; text-decoration-line: none; color: rgb(40, 138, 214);\">Dell Inspiron 15 N3567</a>&nbsp;mang đến một hình dáng giản dị và hài hòa, máy có thiết kế chất liệu vỏ bằng nhựa và trọng lượng là 2.3 kg nên cũng kha khá nặng nhưng sẽ không quá khó khăn khi mang theo để sử dụng.</p><p style=\"margin: 0px 0px 10px; padding: 0px; border: 0px; vertical-align: baseline; margin-block-start: 0px; margin-block-end: 0px; padding-inline-start: 0px; text-rendering: geometricPrecision; font-size: 16px; color: rgb(51, 51, 51); font-family: Arial, Helvetica, sans-serif; background-color: rgb(255, 255, 255);\">Đặc biệt, vỏ được làm bằng chất liệu nhựa nhám bao bọc giúp cho máy hạn chế được bụi bẩn, dấu vân tay và các vết trầy xước khi bị va quẹt nhẹ.</p>', '<ul class=\"specs\" style=\"margin: 0px; padding: 0px; border: 0px; vertical-align: baseline; margin-block-start: 0px; margin-block-end: 0px; padding-inline-start: 0px; list-style: none; position: relative; overflow: hidden; background: rgb(255, 255, 255); color: rgb(51, 51, 51); font-family: Arial, Helvetica, sans-serif; font-size: 14px;\"><li style=\"margin: 0px; padding: 10px; border: 0px; vertical-align: baseline; background: rgb(244, 244, 244); font-size: 20px; color: rgb(153, 153, 153); display: block !important;\"><span class=\"specname\" style=\"margin: 0px; padding: 0px; border: 0px; vertical-align: baseline; font-size: 14px; color: rgb(51, 51, 51); font-weight: 600;\">PU:</span><span class=\"specval\" style=\"margin: 0px 0px 0px 5px; padding: 0px; border: 0px; vertical-align: baseline; font-size: 14px; color: rgb(51, 51, 51);\">Intel Core i3 Skylake, 6006U, 2.00 GHz</span></li><li style=\"margin: 0px; padding: 10px; border: 0px; vertical-align: baseline; background-image: initial; background-position: initial; background-size: initial; background-repeat: initial; background-attachment: initial; background-origin: initial; background-clip: initial; font-size: 20px; color: rgb(153, 153, 153); display: block !important;\"><span class=\"specname\" style=\"margin: 0px; padding: 0px; border: 0px; vertical-align: baseline; font-size: 14px; color: rgb(51, 51, 51); font-weight: 600;\">RAM:</span><span class=\"specval\" style=\"margin: 0px 0px 0px 5px; padding: 0px; border: 0px; vertical-align: baseline; font-size: 14px; color: rgb(51, 51, 51);\">4 GB, DDR4 (2 khe), 2133 MHz</span></li><li style=\"margin: 0px; padding: 10px; border: 0px; vertical-align: baseline; background: rgb(244, 244, 244); font-size: 20px; color: rgb(153, 153, 153); display: block !important;\"><span class=\"specname\" style=\"margin: 0px; padding: 0px; border: 0px; vertical-align: baseline; font-size: 14px; color: rgb(51, 51, 51); font-weight: 600;\">Ổ cứng:</span><span class=\"specval\" style=\"margin: 0px 0px 0px 5px; padding: 0px; border: 0px; vertical-align: baseline; font-size: 14px; color: rgb(51, 51, 51);\">HDD: 1 TB</span></li><li style=\"margin: 0px; padding: 10px; border: 0px; vertical-align: baseline; background-image: initial; background-position: initial; background-size: initial; background-repeat: initial; background-attachment: initial; background-origin: initial; background-clip: initial; font-size: 20px; color: rgb(153, 153, 153); display: block !important;\"><span class=\"specname\" style=\"margin: 0px; padding: 0px; border: 0px; vertical-align: baseline; font-size: 14px; color: rgb(51, 51, 51); font-weight: 600;\">Màn hình:</span><span class=\"specval\" style=\"margin: 0px 0px 0px 5px; padding: 0px; border: 0px; vertical-align: baseline; font-size: 14px; color: rgb(51, 51, 51);\">15.6 inch, HD (1366 x 768)</span></li><li style=\"margin: 0px; padding: 10px; border: 0px; vertical-align: baseline; background: rgb(244, 244, 244); font-size: 20px; color: rgb(153, 153, 153); display: block !important;\"><span class=\"specname\" style=\"margin: 0px; padding: 0px; border: 0px; vertical-align: baseline; font-size: 14px; color: rgb(51, 51, 51); font-weight: 600;\">Card màn hình:</span><span class=\"specval\" style=\"margin: 0px 0px 0px 5px; padding: 0px; border: 0px; vertical-align: baseline; font-size: 14px; color: rgb(51, 51, 51);\">Card đồ họa rời, AMD Radeon R5 M430, 2 GB</span></li><li style=\"margin: 0px; padding: 10px; border: 0px; vertical-align: baseline; background-image: initial; background-position: initial; background-size: initial; background-repeat: initial; background-attachment: initial; background-origin: initial; background-clip: initial; font-size: 20px; color: rgb(153, 153, 153); display: block !important;\"><span class=\"specname\" style=\"margin: 0px; padding: 0px; border: 0px; vertical-align: baseline; font-size: 14px; color: rgb(51, 51, 51); font-weight: 600;\">Cổng kết nối:</span><span class=\"specval\" style=\"margin: 0px 0px 0px 5px; padding: 0px; border: 0px; vertical-align: baseline; font-size: 14px; color: rgb(51, 51, 51);\">2 x USB 3.0, HDMI, LAN (RJ45), USB 2.0</span></li><li style=\"margin: 0px; padding: 10px; border: 0px; vertical-align: baseline; background: rgb(244, 244, 244); font-size: 20px; color: rgb(153, 153, 153); display: block !important;\"><span class=\"specname\" style=\"margin: 0px; padding: 0px; border: 0px; vertical-align: baseline; font-size: 14px; color: rgb(51, 51, 51); font-weight: 600;\">Hệ điều hành:</span><span class=\"specval\" style=\"margin: 0px 0px 0px 5px; padding: 0px; border: 0px; vertical-align: baseline; font-size: 14px; color: rgb(51, 51, 51);\">Free Dos</span></li><li style=\"margin: 0px; padding: 10px; border: 0px; vertical-align: baseline; background-image: initial; background-position: initial; background-size: initial; background-repeat: initial; background-attachment: initial; background-origin: initial; background-clip: initial; font-size: 20px; color: rgb(153, 153, 153); display: block !important;\"><span class=\"specname\" style=\"margin: 0px; padding: 0px; border: 0px; vertical-align: baseline; font-size: 14px; color: rgb(51, 51, 51); font-weight: 600;\">Thiết kế:</span><span class=\"specval\" style=\"margin: 0px 0px 0px 5px; padding: 0px; border: 0px; vertical-align: baseline; font-size: 14px; color: rgb(51, 51, 51);\">&nbsp;PIN rời</span></li><li style=\"margin: 0px; padding: 10px; border: 0px; vertical-align: baseline; background: rgb(244, 244, 244); font-size: 20px; color: rgb(153, 153, 153); display: block !important;\"><span class=\"specname\" style=\"margin: 0px; padding: 0px; border: 0px; vertical-align: baseline; font-size: 14px; color: rgb(51, 51, 51); font-weight: 600;\">Kích thước:</span><span class=\"specval\" style=\"margin: 0px 0px 0px 5px; padding: 0px; border: 0px; vertical-align: baseline; font-size: 14px; color: rgb(51, 51, 51);\">Dày 23.65 mm, 2.3 Kg</span></li></ul>', '30000000', '2', NULL, NULL, 'dell-inspiron-15-n3567-c5i31120-core-i3-6006u-4gb-1-450x300.jpg', '312', 1, NULL, NULL);
INSERT INTO `product` (`id`, `cate_id`, `code`, `name`, `slug`, `content`, `description`, `price`, `sale`, `tosale`, `fromsale`, `image`, `qty`, `status`, `created_at`, `updated_at`) VALUES
(14, 3, 'HP250G6', 'Hp 256', NULL, '<h3 style=\"margin: 1.5em auto 0.3em; padding: 0px; border: 0px; vertical-align: baseline; font-variant-numeric: normal; font-variant-east-asian: normal; font-weight: normal; font-stretch: normal; font-size: 22px; line-height: 1.4em; font-family: Arial, Helvetica, sans-serif; color: rgb(51, 51, 51); outline: none; zoom: 1; background-color: rgb(255, 255, 255);\"><strong style=\"margin: 0px; padding: 0px; border: 0px; vertical-align: baseline;\">Thiết kế chắc chắn</strong></h3><p style=\"margin: 0px 0px 10px; padding: 0px; border: 0px; vertical-align: baseline; margin-block-start: 0px; margin-block-end: 0px; padding-inline-start: 0px; text-rendering: geometricPrecision; font-size: 16px; color: rgb(51, 51, 51); font-family: Arial, Helvetica, sans-serif; background-color: rgb(255, 255, 255);\">HP 250 G6 thuộc dòng&nbsp;<a href=\"https://www.trananh.vn/laptop\" target=\"_blank\" title=\"laptop\" style=\"margin: 0px; padding: 0px; border: 0px; vertical-align: baseline; text-decoration-line: none; color: rgb(40, 138, 214);\">laptop</a>&nbsp;phổ thông. Về phần thiết kế khá đơn giải nổi bật với lớp vỏ nhựa nhưng nắp máy được phủ một lớp sơn tĩnh sang trọng.</p><p style=\"margin: 0px 0px 10px; padding: 0px; border: 0px; vertical-align: baseline; margin-block-start: 0px; margin-block-end: 0px; padding-inline-start: 0px; text-rendering: geometricPrecision; font-size: 16px; color: rgb(51, 51, 51); font-family: Arial, Helvetica, sans-serif; background-color: rgb(255, 255, 255);\">Với kiểu thiết kế sang trọng, chắc chắn phù hợp với những người làm việc văn phòng, doanh nhân</p>', '<ul class=\"specs\" style=\"margin: 0px; padding: 0px; border: 0px; vertical-align: baseline; margin-block-start: 0px; margin-block-end: 0px; padding-inline-start: 0px; list-style: none; position: relative; overflow: hidden; background: rgb(255, 255, 255); color: rgb(51, 51, 51); font-family: Arial, Helvetica, sans-serif; font-size: 14px;\"><li style=\"margin: 0px; padding: 10px; border: 0px; vertical-align: baseline; background: rgb(244, 244, 244); font-size: 20px; color: rgb(153, 153, 153); display: block !important;\"><span class=\"specname\" style=\"margin: 0px; padding: 0px; border: 0px; vertical-align: baseline; font-size: 14px; color: rgb(51, 51, 51); font-weight: 600;\">CPU:</span><span class=\"specval\" style=\"margin: 0px 0px 0px 5px; padding: 0px; border: 0px; vertical-align: baseline; font-size: 14px; color: rgb(51, 51, 51);\">Intel Core i3 Skylake, 6006U, 2.00 GHz</span></li><li style=\"margin: 0px; padding: 10px; border: 0px; vertical-align: baseline; background-image: initial; background-position: initial; background-size: initial; background-repeat: initial; background-attachment: initial; background-origin: initial; background-clip: initial; font-size: 20px; color: rgb(153, 153, 153); display: block !important;\"><span class=\"specname\" style=\"margin: 0px; padding: 0px; border: 0px; vertical-align: baseline; font-size: 14px; color: rgb(51, 51, 51); font-weight: 600;\">RAM:</span><span class=\"specval\" style=\"margin: 0px 0px 0px 5px; padding: 0px; border: 0px; vertical-align: baseline; font-size: 14px; color: rgb(51, 51, 51);\">4 GB, DDR4 (2 khe), 2400 MHz</span></li><li style=\"margin: 0px; padding: 10px; border: 0px; vertical-align: baseline; background: rgb(244, 244, 244); font-size: 20px; color: rgb(153, 153, 153); display: block !important;\"><span class=\"specname\" style=\"margin: 0px; padding: 0px; border: 0px; vertical-align: baseline; font-size: 14px; color: rgb(51, 51, 51); font-weight: 600;\">Ổ cứng:</span><span class=\"specval\" style=\"margin: 0px 0px 0px 5px; padding: 0px; border: 0px; vertical-align: baseline; font-size: 14px; color: rgb(51, 51, 51);\">HDD: 1 TB</span></li><li style=\"margin: 0px; padding: 10px; border: 0px; vertical-align: baseline; background-image: initial; background-position: initial; background-size: initial; background-repeat: initial; background-attachment: initial; background-origin: initial; background-clip: initial; font-size: 20px; color: rgb(153, 153, 153); display: block !important;\"><span class=\"specname\" style=\"margin: 0px; padding: 0px; border: 0px; vertical-align: baseline; font-size: 14px; color: rgb(51, 51, 51); font-weight: 600;\">Màn hình:</span><span class=\"specval\" style=\"margin: 0px 0px 0px 5px; padding: 0px; border: 0px; vertical-align: baseline; font-size: 14px; color: rgb(51, 51, 51);\">15.6 inch, HD (1366 x 768)</span></li><li style=\"margin: 0px; padding: 10px; border: 0px; vertical-align: baseline; background: rgb(244, 244, 244); font-size: 20px; color: rgb(153, 153, 153); display: block !important;\"><span class=\"specname\" style=\"margin: 0px; padding: 0px; border: 0px; vertical-align: baseline; font-size: 14px; color: rgb(51, 51, 51); font-weight: 600;\">Card màn hình:</span><span class=\"specval\" style=\"margin: 0px 0px 0px 5px; padding: 0px; border: 0px; vertical-align: baseline; font-size: 14px; color: rgb(51, 51, 51);\">Card đồ họa tích hợp, Intel® HD Graphics 520</span></li><li style=\"margin: 0px; padding: 10px; border: 0px; vertical-align: baseline; background-image: initial; background-position: initial; background-size: initial; background-repeat: initial; background-attachment: initial; background-origin: initial; background-clip: initial; font-size: 20px; color: rgb(153, 153, 153); display: block !important;\"><span class=\"specname\" style=\"margin: 0px; padding: 0px; border: 0px; vertical-align: baseline; font-size: 14px; color: rgb(51, 51, 51); font-weight: 600;\">Cổng kết nối:</span><span class=\"specval\" style=\"margin: 0px 0px 0px 5px; padding: 0px; border: 0px; vertical-align: baseline; font-size: 14px; color: rgb(51, 51, 51);\">2 x USB 3.0, HDMI, LAN (RJ45), USB 2.0, VGA (D-Sub)</span></li><li style=\"margin: 0px; padding: 10px; border: 0px; vertical-align: baseline; background: rgb(244, 244, 244); font-size: 20px; color: rgb(153, 153, 153); display: block !important;\"><span class=\"specname\" style=\"margin: 0px; padding: 0px; border: 0px; vertical-align: baseline; font-size: 14px; color: rgb(51, 51, 51); font-weight: 600;\">Hệ điều hành:</span><span class=\"specval\" style=\"margin: 0px 0px 0px 5px; padding: 0px; border: 0px; vertical-align: baseline; font-size: 14px; color: rgb(51, 51, 51);\">Free Dos</span></li><li style=\"margin: 0px; padding: 10px; border: 0px; vertical-align: baseline; background-image: initial; background-position: initial; background-size: initial; background-repeat: initial; background-attachment: initial; background-origin: initial; background-clip: initial; font-size: 20px; color: rgb(153, 153, 153); display: block !important;\"><span class=\"specname\" style=\"margin: 0px; padding: 0px; border: 0px; vertical-align: baseline; font-size: 14px; color: rgb(51, 51, 51); font-weight: 600;\">Thiết kế:</span><span class=\"specval\" style=\"margin: 0px 0px 0px 5px; padding: 0px; border: 0px; vertical-align: baseline; font-size: 14px; color: rgb(51, 51, 51);\">Vỏ nhựa, PIN rời</span></li><li style=\"margin: 0px; padding: 10px; border: 0px; vertical-align: baseline; background: rgb(244, 244, 244); font-size: 20px; color: rgb(153, 153, 153); display: block !important;\"><span class=\"specname\" style=\"margin: 0px; padding: 0px; border: 0px; vertical-align: baseline; font-size: 14px; color: rgb(51, 51, 51); font-weight: 600;\">Kích thước:</span><span class=\"specval\" style=\"margin: 0px 0px 0px 5px; padding: 0px; border: 0px; vertical-align: baseline; font-size: 14px; color: rgb(51, 51, 51);\">Dày 23.8 mm, 1.95 kg</span></li></ul>', '18000000', '2', NULL, NULL, 'hp-250-g6-i3-6006u-2fg16pa-400-450x300copy-450x300 (1).jpg', '12', 1, NULL, NULL),
(15, 3, 'HP256s', 'Hp456s', NULL, '<h3 style=\"margin: 1.5em auto 0.3em; padding: 0px; border: 0px; vertical-align: baseline; font-variant-numeric: normal; font-variant-east-asian: normal; font-weight: normal; font-stretch: normal; font-size: 22px; line-height: 1.4em; font-family: Arial, Helvetica, sans-serif; color: rgb(51, 51, 51); outline: none; zoom: 1; background-color: rgb(255, 255, 255);\"><strong style=\"margin: 0px; padding: 0px; border: 0px; vertical-align: baseline;\">Thiết kế chắc chắn</strong></h3><p style=\"margin: 0px 0px 10px; padding: 0px; border: 0px; vertical-align: baseline; margin-block-start: 0px; margin-block-end: 0px; padding-inline-start: 0px; text-rendering: geometricPrecision; font-size: 16px; color: rgb(51, 51, 51); font-family: Arial, Helvetica, sans-serif; background-color: rgb(255, 255, 255);\">HP 250 G6 thuộc dòng&nbsp;<a href=\"https://www.trananh.vn/laptop\" target=\"_blank\" title=\"laptop\" style=\"margin: 0px; padding: 0px; border: 0px; vertical-align: baseline; text-decoration-line: none; color: rgb(40, 138, 214);\">laptop</a>&nbsp;phổ thông. Về phần thiết kế khá đơn giải nổi bật với lớp vỏ nhựa nhưng nắp máy được phủ một lớp sơn tĩnh sang trọng.</p><p style=\"margin: 0px 0px 10px; padding: 0px; border: 0px; vertical-align: baseline; margin-block-start: 0px; margin-block-end: 0px; padding-inline-start: 0px; text-rendering: geometricPrecision; font-size: 16px; color: rgb(51, 51, 51); font-family: Arial, Helvetica, sans-serif; background-color: rgb(255, 255, 255);\">Với kiểu thiết kế sang trọng, chắc chắn phù hợp với những người làm việc văn phòng, doanh nhân.</p>', '<ul class=\"specs\" style=\"margin: 0px; padding: 0px; border: 0px; vertical-align: baseline; margin-block-start: 0px; margin-block-end: 0px; padding-inline-start: 0px; list-style: none; position: relative; overflow: hidden; background: rgb(255, 255, 255); color: rgb(51, 51, 51); font-family: Arial, Helvetica, sans-serif; font-size: 14px;\"><li style=\"margin: 0px; padding: 10px; border: 0px; vertical-align: baseline; background: rgb(244, 244, 244); font-size: 20px; color: rgb(153, 153, 153); display: block !important;\"><span class=\"specname\" style=\"margin: 0px; padding: 0px; border: 0px; vertical-align: baseline; font-size: 14px; color: rgb(51, 51, 51); font-weight: 600;\">CPU:</span><span class=\"specval\" style=\"margin: 0px 0px 0px 5px; padding: 0px; border: 0px; vertical-align: baseline; font-size: 14px; color: rgb(51, 51, 51);\">Intel Core i3 Skylake, 6006U, 2.00 GHz</span></li><li style=\"margin: 0px; padding: 10px; border: 0px; vertical-align: baseline; background-image: initial; background-position: initial; background-size: initial; background-repeat: initial; background-attachment: initial; background-origin: initial; background-clip: initial; font-size: 20px; color: rgb(153, 153, 153); display: block !important;\"><span class=\"specname\" style=\"margin: 0px; padding: 0px; border: 0px; vertical-align: baseline; font-size: 14px; color: rgb(51, 51, 51); font-weight: 600;\">RAM:</span><span class=\"specval\" style=\"margin: 0px 0px 0px 5px; padding: 0px; border: 0px; vertical-align: baseline; font-size: 14px; color: rgb(51, 51, 51);\">4 GB, DDR4 (2 khe), 2400 MHz</span></li><li style=\"margin: 0px; padding: 10px; border: 0px; vertical-align: baseline; background: rgb(244, 244, 244); font-size: 20px; color: rgb(153, 153, 153); display: block !important;\"><span class=\"specname\" style=\"margin: 0px; padding: 0px; border: 0px; vertical-align: baseline; font-size: 14px; color: rgb(51, 51, 51); font-weight: 600;\">Ổ cứng:</span><span class=\"specval\" style=\"margin: 0px 0px 0px 5px; padding: 0px; border: 0px; vertical-align: baseline; font-size: 14px; color: rgb(51, 51, 51);\">HDD: 1 TB</span></li><li style=\"margin: 0px; padding: 10px; border: 0px; vertical-align: baseline; background-image: initial; background-position: initial; background-size: initial; background-repeat: initial; background-attachment: initial; background-origin: initial; background-clip: initial; font-size: 20px; color: rgb(153, 153, 153); display: block !important;\"><span class=\"specname\" style=\"margin: 0px; padding: 0px; border: 0px; vertical-align: baseline; font-size: 14px; color: rgb(51, 51, 51); font-weight: 600;\">Màn hình:</span><span class=\"specval\" style=\"margin: 0px 0px 0px 5px; padding: 0px; border: 0px; vertical-align: baseline; font-size: 14px; color: rgb(51, 51, 51);\">15.6 inch, HD (1366 x 768)</span></li><li style=\"margin: 0px; padding: 10px; border: 0px; vertical-align: baseline; background: rgb(244, 244, 244); font-size: 20px; color: rgb(153, 153, 153); display: block !important;\"><span class=\"specname\" style=\"margin: 0px; padding: 0px; border: 0px; vertical-align: baseline; font-size: 14px; color: rgb(51, 51, 51); font-weight: 600;\">Card màn hình:</span><span class=\"specval\" style=\"margin: 0px 0px 0px 5px; padding: 0px; border: 0px; vertical-align: baseline; font-size: 14px; color: rgb(51, 51, 51);\">Card đồ họa tích hợp, Intel® HD Graphics 520</span></li><li style=\"margin: 0px; padding: 10px; border: 0px; vertical-align: baseline; background-image: initial; background-position: initial; background-size: initial; background-repeat: initial; background-attachment: initial; background-origin: initial; background-clip: initial; font-size: 20px; color: rgb(153, 153, 153); display: block !important;\"><span class=\"specname\" style=\"margin: 0px; padding: 0px; border: 0px; vertical-align: baseline; font-size: 14px; color: rgb(51, 51, 51); font-weight: 600;\">Cổng kết nối:</span><span class=\"specval\" style=\"margin: 0px 0px 0px 5px; padding: 0px; border: 0px; vertical-align: baseline; font-size: 14px; color: rgb(51, 51, 51);\">2 x USB 3.0, HDMI, LAN (RJ45), USB 2.0, VGA (D-Sub)</span></li><li style=\"margin: 0px; padding: 10px; border: 0px; vertical-align: baseline; background: rgb(244, 244, 244); font-size: 20px; color: rgb(153, 153, 153); display: block !important;\"><span class=\"specname\" style=\"margin: 0px; padding: 0px; border: 0px; vertical-align: baseline; font-size: 14px; color: rgb(51, 51, 51); font-weight: 600;\">Hệ điều hành:</span><span class=\"specval\" style=\"margin: 0px 0px 0px 5px; padding: 0px; border: 0px; vertical-align: baseline; font-size: 14px; color: rgb(51, 51, 51);\">Free Dos</span></li><li style=\"margin: 0px; padding: 10px; border: 0px; vertical-align: baseline; background-image: initial; background-position: initial; background-size: initial; background-repeat: initial; background-attachment: initial; background-origin: initial; background-clip: initial; font-size: 20px; color: rgb(153, 153, 153); display: block !important;\"><span class=\"specname\" style=\"margin: 0px; padding: 0px; border: 0px; vertical-align: baseline; font-size: 14px; color: rgb(51, 51, 51); font-weight: 600;\">Thiết kế:</span><span class=\"specval\" style=\"margin: 0px 0px 0px 5px; padding: 0px; border: 0px; vertical-align: baseline; font-size: 14px; color: rgb(51, 51, 51);\">Vỏ nhựa, PIN rời</span></li><li style=\"margin: 0px; padding: 10px; border: 0px; vertical-align: baseline; background: rgb(244, 244, 244); font-size: 20px; color: rgb(153, 153, 153); display: block !important;\"><span class=\"specname\" style=\"margin: 0px; padding: 0px; border: 0px; vertical-align: baseline; font-size: 14px; color: rgb(51, 51, 51); font-weight: 600;\">Kích thước:</span><span class=\"specval\" style=\"margin: 0px 0px 0px 5px; padding: 0px; border: 0px; vertical-align: baseline; font-size: 14px; color: rgb(51, 51, 51);\">Dày 23.8 mm, 1.95 kg</span></li></ul>', '12000000', '1', NULL, NULL, 'hp-250-g6-i3-6006u-2fg16pa-400-450x300copy-450x300.jpg', '43', 1, NULL, NULL),
(16, 2, 'D5379', 'Dell Inspiron 5379', NULL, '<div class=\"characteristics\" style=\"margin: 0px; padding: 0px; border: 0px; vertical-align: baseline; overflow: hidden; position: relative; color: rgb(51, 51, 51); font-family: Arial, Helvetica, sans-serif; font-size: 14px; background-color: rgb(255, 255, 255);\"><h2 style=\"margin: 0px 0px 10px; padding: 0px; border: 0px; vertical-align: baseline; font-variant-numeric: normal; font-variant-east-asian: normal; font-weight: normal; font-stretch: normal; font-size: 20px; line-height: 1.3em; outline: none; zoom: 1;\">Đặc điểm nổi bật của Laptop Dell Inspiron 5379 i7 8550U (C3TI7501W)</h2><div id=\"owl-detail\" class=\"owl-carousel owl-detail owl-theme\" style=\"margin: 0px; padding: 0px; border: 0px; vertical-align: baseline; position: relative; width: 780px; overflow: hidden; top: 1px; opacity: 1;\"><div class=\"owl-wrapper-outer\" style=\"margin: 0px; padding: 0px; border: 0px; vertical-align: baseline; overflow: hidden; position: relative; width: 780px;\"><div class=\"owl-wrapper\" style=\"margin: 0px; padding: 0px; border: 0px; vertical-align: baseline; position: relative; transform: translate3d(0px, 0px, 0px); backface-visibility: hidden; width: 12480px; left: 0px;\"><div class=\"owl-item\" style=\"margin: 0px; padding: 0px; border: 0px; vertical-align: baseline; float: left; backface-visibility: hidden; transform: translate3d(0px, 0px, 0px); width: 780px;\"><div class=\"item\" style=\"margin: 0px; padding: 0px; border: 0px; vertical-align: baseline;\"><img src=\"https://cdn.tgdd.vn/Products/Images/44/155735/Slider/vi-vn-dell-inspiron-5379-i7-8550u-c3ti7501w-1.jpg\" alt=\"\" style=\"margin: 0px; padding: 0px; border: 0px; vertical-align: baseline; display: block; width: 780px; height: auto; cursor: pointer;\"></div></div><div class=\"owl-item loading\" style=\"margin: 0px; padding: 0px; border: 0px; vertical-align: baseline; float: left; backface-visibility: hidden; transform: translate3d(0px, 0px, 0px); width: 780px;\"><div class=\"item\" style=\"margin: 0px; padding: 0px; border: 0px; vertical-align: baseline;\"></div></div><div class=\"owl-item loading\" style=\"margin: 0px; padding: 0px; border: 0px; vertical-align: baseline; float: left; backface-visibility: hidden; transform: translate3d(0px, 0px, 0px); width: 780px;\"><div class=\"item\" style=\"margin: 0px; padding: 0px; border: 0px; vertical-align: baseline;\"></div></div><div class=\"owl-item loading\" style=\"margin: 0px; padding: 0px; border: 0px; vertical-align: baseline; float: left; backface-visibility: hidden; transform: translate3d(0px, 0px, 0px); width: 780px;\"><div class=\"item\" style=\"margin: 0px; padding: 0px; border: 0px; vertical-align: baseline;\"></div></div><div class=\"owl-item loading\" style=\"margin: 0px; padding: 0px; border: 0px; vertical-align: baseline; float: left; backface-visibility: hidden; transform: translate3d(0px, 0px, 0px); width: 780px;\"><div class=\"item\" style=\"margin: 0px; padding: 0px; border: 0px; vertical-align: baseline;\"></div></div><div class=\"owl-item loading\" style=\"margin: 0px; padding: 0px; border: 0px; vertical-align: baseline; float: left; backface-visibility: hidden; transform: translate3d(0px, 0px, 0px); width: 780px;\"><div class=\"item\" style=\"margin: 0px; padding: 0px; border: 0px; vertical-align: baseline;\"></div></div><div class=\"owl-item loading\" style=\"margin: 0px; padding: 0px; border: 0px; vertical-align: baseline; float: left; backface-visibility: hidden; transform: translate3d(0px, 0px, 0px); width: 780px;\"><div class=\"item\" style=\"margin: 0px; padding: 0px; border: 0px; vertical-align: baseline;\"></div></div><div class=\"owl-item loading\" style=\"margin: 0px; padding: 0px; border: 0px; vertical-align: baseline; float: left; backface-visibility: hidden; transform: translate3d(0px, 0px, 0px); width: 780px;\"><div class=\"item\" style=\"margin: 0px; padding: 0px; border: 0px; vertical-align: baseline;\"></div></div></div></div><div class=\"owl-controls clickable\" style=\"margin: 0px; padding: 0px; border: 0px; vertical-align: baseline; user-select: none; -webkit-tap-highlight-color: rgba(0, 0, 0, 0); text-align: center;\"><div class=\"owl-pagination\" style=\"margin: 5px 0px 0px; padding: 0px; border: 0px; vertical-align: baseline;\"><div class=\"owl-page active\" style=\"margin: 0px; padding: 0px; border: 0px; vertical-align: baseline; cursor: pointer; display: inline-block; zoom: 1;\"><span class=\"\" style=\"margin: 0px 5px; padding: 0px; border: 1px solid rgb(242, 140, 49); vertical-align: baseline; display: block; width: 8px; height: 8px; border-radius: 20px; background: rgb(242, 140, 49);\"></span></div><div class=\"owl-page\" style=\"margin: 0px; padding: 0px; border: 0px; vertical-align: baseline; cursor: pointer; display: inline-block; zoom: 1;\"><span class=\"\" style=\"margin: 0px 5px; padding: 0px; border: 1px solid rgb(191, 191, 191); vertical-align: baseline; display: block; width: 8px; height: 8px; border-radius: 20px; background: none;\"></span></div><div class=\"owl-page\" style=\"margin: 0px; padding: 0px; border: 0px; vertical-align: baseline; cursor: pointer; display: inline-block; zoom: 1;\"><span class=\"\" style=\"margin: 0px 5px; padding: 0px; border: 1px solid rgb(191, 191, 191); vertical-align: baseline; display: block; width: 8px; height: 8px; border-radius: 20px; background: none;\"></span></div><div class=\"owl-page\" style=\"margin: 0px; padding: 0px; border: 0px; vertical-align: baseline; cursor: pointer; display: inline-block; zoom: 1;\"><span class=\"\" style=\"margin: 0px 5px; padding: 0px; border: 1px solid rgb(191, 191, 191); vertical-align: baseline; display: block; width: 8px; height: 8px; border-radius: 20px; background: none;\"></span></div><div class=\"owl-page\" style=\"margin: 0px; padding: 0px; border: 0px; vertical-align: baseline; cursor: pointer; display: inline-block; zoom: 1;\"><span class=\"\" style=\"margin: 0px 5px; padding: 0px; border: 1px solid rgb(191, 191, 191); vertical-align: baseline; display: block; width: 8px; height: 8px; border-radius: 20px; background: none;\"></span></div><div class=\"owl-page\" style=\"margin: 0px; padding: 0px; border: 0px; vertical-align: baseline; cursor: pointer; display: inline-block; zoom: 1;\"><span class=\"\" style=\"margin: 0px 5px; padding: 0px; border: 1px solid rgb(191, 191, 191); vertical-align: baseline; display: block; width: 8px; height: 8px; border-radius: 20px; background: none;\"></span></div><div class=\"owl-page\" style=\"margin: 0px; padding: 0px; border: 0px; vertical-align: baseline; cursor: pointer; display: inline-block; zoom: 1;\"><span class=\"\" style=\"margin: 0px 5px; padding: 0px; border: 1px solid rgb(191, 191, 191); vertical-align: baseline; display: block; width: 8px; height: 8px; border-radius: 20px; background: none;\"></span></div><div class=\"owl-page\" style=\"margin: 0px; padding: 0px; border: 0px; vertical-align: baseline; cursor: pointer; display: inline-block; zoom: 1;\"><span class=\"\" style=\"margin: 0px 5px; padding: 0px; border: 1px solid rgb(191, 191, 191); vertical-align: baseline; display: block; width: 8px; height: 8px; border-radius: 20px; background: none;\"></span></div></div></div></div></div><div class=\"box-article \" style=\"margin: 0px; padding: 0px; border: 0px; vertical-align: baseline; color: rgb(51, 51, 51); font-family: Arial, Helvetica, sans-serif; font-size: 14px; background-color: rgb(255, 255, 255);\"><article id=\"tinh-nang\" class=\"area_article\" style=\"margin: 0px; padding: 0px 0px 10px; border: 0px; vertical-align: baseline; overflow: hidden; font-size: 15px; line-height: 22px; height: 573.594px;\"><h3 style=\"margin: 1.5em auto 0.3em; padding: 0px; border: 0px; vertical-align: baseline; font-variant-numeric: normal; font-variant-east-asian: normal; font-weight: normal; font-stretch: normal; font-size: 22px; line-height: 1.4em; outline: none; zoom: 1;\"><strong style=\"margin: 0px; padding: 0px; border: 0px; vertical-align: baseline;\">Dell Inspiron 5379 i7 8550U có thiết kế nhỏ gọn và sang trọng máy được trang bị cấu hình Intel Kabylake Refresh mạnh mẽ,&nbsp; tạo sự thoải mái trong xử lý công việc hay giải trí của bạn.</strong></h3><h3 style=\"margin: 1.5em auto 0.3em; padding: 0px; border: 0px; vertical-align: baseline; font-variant-numeric: normal; font-variant-east-asian: normal; font-weight: normal; font-stretch: normal; font-size: 22px; line-height: 1.4em; outline: none; zoom: 1;\"><strong style=\"margin: 0px; padding: 0px; border: 0px; vertical-align: baseline;\">Thiết kế hiện đại, sang trọng</strong></h3><p style=\"margin: 0px 0px 10px; padding: 0px; border: 0px; vertical-align: baseline; margin-block-start: 0px; margin-block-end: 0px; padding-inline-start: 0px; text-rendering: geometricPrecision; font-size: 16px;\"><a href=\"https://www.trananh.vn/laptop/dell-inspiron-5379-i7-8550u-c3ti7501w\" target=\"_blank\" title=\"Laptop Dell Inspiron 5379\" style=\"margin: 0px; padding: 0px; border: 0px; vertical-align: baseline; text-decoration-line: none; color: rgb(40, 138, 214);\">Laptop Dell Inspiron 5379</a>&nbsp;được tạo nên từ chất liệu nhựa với các cạnh thiết kế vuông vức và được phủ một lớp xám.&nbsp;<a href=\"https://www.trananh.vn/laptop-dell\" target=\"_blank\" title=\"Laptop Dell\" style=\"margin: 0px; padding: 0px; border: 0px; vertical-align: baseline; text-decoration-line: none; color: rgb(40, 138, 214);\">Laptop Dell</a>&nbsp;được thiết kế với một bản lề đặc biệt có thể xoay 360 độ, với nhiều tư thế sử dụng khác nhau, có thể dùng như một máy tính bảng khi gập phím lại.</p></article></div>', '<ul class=\"specs\" style=\"margin: 0px; padding: 0px; border: 0px; vertical-align: baseline; margin-block-start: 0px; margin-block-end: 0px; padding-inline-start: 0px; list-style: none; position: relative; overflow: hidden; background: rgb(255, 255, 255); color: rgb(51, 51, 51); font-family: Arial, Helvetica, sans-serif; font-size: 14px;\"><li style=\"margin: 0px; padding: 10px; border: 0px; vertical-align: baseline; background: rgb(244, 244, 244); font-size: 20px; color: rgb(153, 153, 153); display: block !important;\"><span class=\"specname\" style=\"margin: 0px; padding: 0px; border: 0px; vertical-align: baseline; font-size: 14px; color: rgb(51, 51, 51); font-weight: 600;\">CPU:</span><span class=\"specval\" style=\"margin: 0px 0px 0px 5px; padding: 0px; border: 0px; vertical-align: baseline; font-size: 14px; color: rgb(51, 51, 51);\">Intel Core i7 Kabylake Refresh, 8550U, 1.80 GHz</span></li><li style=\"margin: 0px; padding: 10px; border: 0px; vertical-align: baseline; background-image: initial; background-position: initial; background-size: initial; background-repeat: initial; background-attachment: initial; background-origin: initial; background-clip: initial; font-size: 20px; color: rgb(153, 153, 153); display: block !important;\"><span class=\"specname\" style=\"margin: 0px; padding: 0px; border: 0px; vertical-align: baseline; font-size: 14px; color: rgb(51, 51, 51); font-weight: 600;\">RAM:</span><span class=\"specval\" style=\"margin: 0px 0px 0px 5px; padding: 0px; border: 0px; vertical-align: baseline; font-size: 14px; color: rgb(51, 51, 51);\">8 GB, DDR4 (1 khe), 2400 MHz</span></li><li style=\"margin: 0px; padding: 10px; border: 0px; vertical-align: baseline; background: rgb(244, 244, 244); font-size: 20px; color: rgb(153, 153, 153); display: block !important;\"><span class=\"specname\" style=\"margin: 0px; padding: 0px; border: 0px; vertical-align: baseline; font-size: 14px; color: rgb(51, 51, 51); font-weight: 600;\">Ổ cứng:</span><span class=\"specval\" style=\"margin: 0px 0px 0px 5px; padding: 0px; border: 0px; vertical-align: baseline; font-size: 14px; color: rgb(51, 51, 51);\">HDD: 1 TB</span></li><li style=\"margin: 0px; padding: 10px; border: 0px; vertical-align: baseline; background-image: initial; background-position: initial; background-size: initial; background-repeat: initial; background-attachment: initial; background-origin: initial; background-clip: initial; font-size: 20px; color: rgb(153, 153, 153); display: block !important;\"><span class=\"specname\" style=\"margin: 0px; padding: 0px; border: 0px; vertical-align: baseline; font-size: 14px; color: rgb(51, 51, 51); font-weight: 600;\">Màn hình:</span><span class=\"specval\" style=\"margin: 0px 0px 0px 5px; padding: 0px; border: 0px; vertical-align: baseline; font-size: 14px; color: rgb(51, 51, 51);\">13.3 inch, Full HD (1920 x 1080)</span></li><li style=\"margin: 0px; padding: 10px; border: 0px; vertical-align: baseline; background: rgb(244, 244, 244); font-size: 20px; color: rgb(153, 153, 153); display: block !important;\"><span class=\"specname\" style=\"margin: 0px; padding: 0px; border: 0px; vertical-align: baseline; font-size: 14px; color: rgb(51, 51, 51); font-weight: 600;\">Card màn hình:</span><span class=\"specval\" style=\"margin: 0px 0px 0px 5px; padding: 0px; border: 0px; vertical-align: baseline; font-size: 14px; color: rgb(51, 51, 51);\">Card đồ họa tích hợp, Intel® UHD Graphics 620</span></li><li style=\"margin: 0px; padding: 10px; border: 0px; vertical-align: baseline; background-image: initial; background-position: initial; background-size: initial; background-repeat: initial; background-attachment: initial; background-origin: initial; background-clip: initial; font-size: 20px; color: rgb(153, 153, 153); display: block !important;\"><span class=\"specname\" style=\"margin: 0px; padding: 0px; border: 0px; vertical-align: baseline; font-size: 14px; color: rgb(51, 51, 51); font-weight: 600;\">Cổng kết nối:</span><span class=\"specval\" style=\"margin: 0px 0px 0px 5px; padding: 0px; border: 0px; vertical-align: baseline; font-size: 14px; color: rgb(51, 51, 51);\">2 x USB 3.0, HDMI, USB 2.0</span></li><li style=\"margin: 0px; padding: 10px; border: 0px; vertical-align: baseline; background: rgb(244, 244, 244); font-size: 20px; color: rgb(153, 153, 153); display: block !important;\"><span class=\"specname\" style=\"margin: 0px; padding: 0px; border: 0px; vertical-align: baseline; font-size: 14px; color: rgb(51, 51, 51); font-weight: 600;\">Đặc biệt:</span><span class=\"specval\" style=\"margin: 0px 0px 0px 5px; padding: 0px; border: 0px; vertical-align: baseline; font-size: 14px; color: rgb(51, 51, 51);\">Có đèn bàn phím, Có màn hình cảm ứng</span></li><li style=\"margin: 0px; padding: 10px; border: 0px; vertical-align: baseline; background-image: initial; background-position: initial; background-size: initial; background-repeat: initial; background-attachment: initial; background-origin: initial; background-clip: initial; font-size: 20px; color: rgb(153, 153, 153); display: block !important;\"><span class=\"specname\" style=\"margin: 0px; padding: 0px; border: 0px; vertical-align: baseline; font-size: 14px; color: rgb(51, 51, 51); font-weight: 600;\">Hệ điều hành:</span><span class=\"specval\" style=\"margin: 0px 0px 0px 5px; padding: 0px; border: 0px; vertical-align: baseline; font-size: 14px; color: rgb(51, 51, 51);\">Windows 10 + Office 365 1 năm</span></li><li style=\"margin: 0px; padding: 10px; border: 0px; vertical-align: baseline; background: rgb(244, 244, 244); font-size: 20px; color: rgb(153, 153, 153); display: block !important;\"><span class=\"specname\" style=\"margin: 0px; padding: 0px; border: 0px; vertical-align: baseline; font-size: 14px; color: rgb(51, 51, 51); font-weight: 600;\">Thiết kế:</span><span class=\"specval\" style=\"margin: 0px 0px 0px 5px; padding: 0px; border: 0px; vertical-align: baseline; font-size: 14px; color: rgb(51, 51, 51);\">Vỏ nhựa, PIN liền</span></li><li style=\"margin: 0px; padding: 10px; border: 0px; vertical-align: baseline; background-image: initial; background-position: initial; background-size: initial; background-repeat: initial; background-attachment: initial; background-origin: initial; background-clip: initial; font-size: 20px; color: rgb(153, 153, 153); display: block !important;\"><span class=\"specname\" style=\"margin: 0px; padding: 0px; border: 0px; vertical-align: baseline; font-size: 14px; color: rgb(51, 51, 51); font-weight: 600;\">Kích thước:</span><span class=\"specval\" style=\"margin: 0px 0px 0px 5px; padding: 0px; border: 0px; vertical-align: baseline; font-size: 14px; color: rgb(51, 51, 51);\">Dày 19.5 mm, 1.62 kg</span></li></ul>', '35000000', '2', NULL, NULL, 'dell-inspiron-5379-i7-8550u-c3ti7501w-450-450x300.jpg', '12', 1, NULL, NULL),
(17, 2, 'D5s', 'Dell 5s', NULL, '<span style=\"color: rgb(51, 51, 51); font-family: Roboto, sans-serif; font-size: 14px; background-color: rgb(255, 255, 255);\">Nếu bạn thuộc khối kĩ thuật hoặc công việc yêu cầu chúng ta phải liên tục sử dụng các phần mềm đồ họa hoặc phần mềm giả lập, hoặc đơn giản bạn muốn có một chiếc laptop dùng lâu dài từ 4 năm trở lên... Lúc này laptop với vi xử lí Core i với i3 hay i5 nên được chọn mua dù giá của chúng dao động từ 10 đến 17 triệu đồng vì chỉ có những vi xử lí này mới có khả năng đáp ứng được công việc của bạn.</span>', '<span style=\"color: rgb(51, 51, 51); font-family: Roboto, sans-serif; font-size: 14px; background-color: rgb(255, 255, 255);\">-&nbsp;</span><a class=\"linkify\" title=\"cpu\" href=\"https://phongvu.vn/linh-kien-may-tinh/cpu-bo-vi-xu-ly.cat\" target=\"_blank\" rel=\"author\" style=\"box-sizing: border-box; background-color: rgb(255, 255, 255); color: rgb(51, 51, 51); text-decoration-line: none; cursor: unset; font-family: Roboto, sans-serif; font-size: 14px;\"></a><a class=\"linkify\" title=\"cpu\" href=\"https://phongvu.vn/linh-kien-may-tinh/cpu-bo-vi-xu-ly.cat\" target=\"_blank\" rel=\"author\" style=\"box-sizing: border-box; background-color: rgb(255, 255, 255); color: rgb(51, 51, 51); text-decoration-line: none; cursor: unset; font-family: Roboto, sans-serif; font-size: 14px;\">CPU</a><span style=\"color: rgb(51, 51, 51); font-family: Roboto, sans-serif; font-size: 14px; background-color: rgb(255, 255, 255);\">: Intel Core&nbsp;</span><a class=\"linkify\" title=\"i5-8250U\" href=\"https://phongvu.vn/catalogsearch/result/?q=i5%208250\" target=\"_blank\" rel=\"author\" style=\"box-sizing: border-box; background-color: rgb(255, 255, 255); color: rgb(51, 51, 51); text-decoration-line: none; cursor: unset; font-family: Roboto, sans-serif; font-size: 14px;\"></a><a class=\"linkify\" title=\"i5\" href=\"https://phongvu.vn/linh-kien-may-tinh/cpu-bo-vi-xu-ly/intel-core-i5.cat\" target=\"_blank\" rel=\"author\" style=\"box-sizing: border-box; background-color: rgb(255, 255, 255); color: rgb(51, 51, 51); text-decoration-line: none; cursor: unset; font-family: Roboto, sans-serif; font-size: 14px;\"></a><a class=\"linkify\" title=\"i5\" href=\"https://phongvu.vn/linh-kien-may-tinh/cpu-bo-vi-xu-ly/intel-core-i5.cat\" target=\"_blank\" rel=\"author\" style=\"box-sizing: border-box; background-color: rgb(255, 255, 255); color: rgb(51, 51, 51); text-decoration-line: none; cursor: unset; font-family: Roboto, sans-serif; font-size: 14px;\">i5</a><span style=\"color: rgb(51, 51, 51); font-family: Roboto, sans-serif; font-size: 14px; background-color: rgb(255, 255, 255);\">-8250U (1.60 Ghz up to 3.40 Ghz, 6M Cache)</span><br style=\"box-sizing: border-box; color: rgb(51, 51, 51); font-family: Roboto, sans-serif; font-size: 14px; background-color: rgb(255, 255, 255);\"><span style=\"color: rgb(51, 51, 51); font-family: Roboto, sans-serif; font-size: 14px; background-color: rgb(255, 255, 255);\">-&nbsp;</span><a class=\"linkify\" title=\"RAM\" href=\"https://phongvu.vn/linh-kien-may-tinh/ram-bo-nho-du-lieu-tam-thoi.cat\" target=\"_blank\" rel=\"author\" style=\"box-sizing: border-box; background-color: rgb(255, 255, 255); color: rgb(51, 51, 51); text-decoration-line: none; cursor: unset; font-family: Roboto, sans-serif; font-size: 14px;\"></a><a class=\"linkify\" title=\"RAM\" href=\"https://phongvu.vn/linh-kien-may-tinh/ram-bo-nho-du-lieu-tam-thoi.cat\" target=\"_blank\" rel=\"author\" style=\"box-sizing: border-box; background-color: rgb(255, 255, 255); color: rgb(51, 51, 51); text-decoration-line: none; cursor: unset; font-family: Roboto, sans-serif; font-size: 14px;\">RAM</a><span style=\"color: rgb(51, 51, 51); font-family: Roboto, sans-serif; font-size: 14px; background-color: rgb(255, 255, 255);\">: 8GB&nbsp;</span><a class=\"linkify\" title=\"ddr4\" href=\"https://phongvu.vn/linh-kien-may-tinh/ram-bo-nho-du-lieu-tam-thoi/ram-ddr4.cat\" target=\"_blank\" rel=\"author\" style=\"box-sizing: border-box; background-color: rgb(255, 255, 255); color: rgb(51, 51, 51); text-decoration-line: none; cursor: unset; font-family: Roboto, sans-serif; font-size: 14px;\"></a><a class=\"linkify\" title=\"ddr4\" href=\"https://phongvu.vn/linh-kien-may-tinh/ram-bo-nho-du-lieu-tam-thoi/ram-ddr4.cat\" target=\"_blank\" rel=\"author\" style=\"box-sizing: border-box; background-color: rgb(255, 255, 255); color: rgb(51, 51, 51); text-decoration-line: none; cursor: unset; font-family: Roboto, sans-serif; font-size: 14px;\">DDR4</a><span style=\"color: rgb(51, 51, 51); font-family: Roboto, sans-serif; font-size: 14px; background-color: rgb(255, 255, 255);\">&nbsp;2400 MHz (Không nâng cấp được)</span><br style=\"box-sizing: border-box; color: rgb(51, 51, 51); font-family: Roboto, sans-serif; font-size: 14px; background-color: rgb(255, 255, 255);\"><span style=\"color: rgb(51, 51, 51); font-family: Roboto, sans-serif; font-size: 14px; background-color: rgb(255, 255, 255);\">-&nbsp;</span><a class=\"linkify\" title=\"vga\" href=\"https://phongvu.vn/linh-kien-may-tinh/vga-card-man-hinh.cat\" target=\"_blank\" rel=\"author\" style=\"box-sizing: border-box; background-color: rgb(255, 255, 255); color: rgb(51, 51, 51); text-decoration-line: none; cursor: unset; font-family: Roboto, sans-serif; font-size: 14px;\"></a><a class=\"linkify\" title=\"vga\" href=\"https://phongvu.vn/linh-kien-may-tinh/vga-card-man-hinh.cat\" target=\"_blank\" rel=\"author\" style=\"box-sizing: border-box; background-color: rgb(255, 255, 255); color: rgb(51, 51, 51); text-decoration-line: none; cursor: unset; font-family: Roboto, sans-serif; font-size: 14px;\">VGA</a><span style=\"color: rgb(51, 51, 51); font-family: Roboto, sans-serif; font-size: 14px; background-color: rgb(255, 255, 255);\">: Intel HD Graphics 620</span><br style=\"box-sizing: border-box; color: rgb(51, 51, 51); font-family: Roboto, sans-serif; font-size: 14px; background-color: rgb(255, 255, 255);\"><span style=\"color: rgb(51, 51, 51); font-family: Roboto, sans-serif; font-size: 14px; background-color: rgb(255, 255, 255);\">- Ổ cứng:&nbsp;</span><a class=\"linkify\" title=\"ssd\" href=\"https://phongvu.vn/linh-kien-may-tinh/o-cung-ssd-hdd/o-cung-ssd.cat\" target=\"_blank\" rel=\"author\" style=\"box-sizing: border-box; background-color: rgb(255, 255, 255); color: rgb(51, 51, 51); text-decoration-line: none; cursor: unset; font-family: Roboto, sans-serif; font-size: 14px;\"></a><a class=\"linkify\" title=\"ssd\" href=\"https://phongvu.vn/linh-kien-may-tinh/o-cung-ssd-hdd/o-cung-ssd.cat\" target=\"_blank\" rel=\"author\" style=\"box-sizing: border-box; background-color: rgb(255, 255, 255); color: rgb(51, 51, 51); text-decoration-line: none; cursor: unset; font-family: Roboto, sans-serif; font-size: 14px;\">SSD</a><span style=\"color: rgb(51, 51, 51); font-family: Roboto, sans-serif; font-size: 14px; background-color: rgb(255, 255, 255);\">&nbsp;M.2 256GB&nbsp;</span><br style=\"box-sizing: border-box; color: rgb(51, 51, 51); font-family: Roboto, sans-serif; font-size: 14px; background-color: rgb(255, 255, 255);\"><span style=\"color: rgb(51, 51, 51); font-family: Roboto, sans-serif; font-size: 14px; background-color: rgb(255, 255, 255);\">- Khe mở rộng M.2: Có</span><br style=\"box-sizing: border-box; color: rgb(51, 51, 51); font-family: Roboto, sans-serif; font-size: 14px; background-color: rgb(255, 255, 255);\"><span style=\"color: rgb(51, 51, 51); font-family: Roboto, sans-serif; font-size: 14px; background-color: rgb(255, 255, 255);\">-&nbsp;</span><a class=\"linkify\" title=\"màn hình\" href=\"https://phongvu.vn/man-hinh-may-tinh.cat\" target=\"_blank\" rel=\"author\" style=\"box-sizing: border-box; background-color: rgb(255, 255, 255); color: rgb(51, 51, 51); text-decoration-line: none; cursor: unset; font-family: Roboto, sans-serif; font-size: 14px;\">Màn hình</a><span style=\"color: rgb(51, 51, 51); font-family: Roboto, sans-serif; font-size: 14px; background-color: rgb(255, 255, 255);\">: 13.3\" (1920 x 1080) - Cảm ứng</span><br style=\"box-sizing: border-box; color: rgb(51, 51, 51); font-family: Roboto, sans-serif; font-size: 14px; background-color: rgb(255, 255, 255);\"><span style=\"color: rgb(51, 51, 51); font-family: Roboto, sans-serif; font-size: 14px; background-color: rgb(255, 255, 255);\">- Cổng giao tiếp:&nbsp;</span><a class=\"linkify\" title=\"hdmi\" href=\"https://phongvu.vn/hoi-dap/hdmi-la-gi\" target=\"_blank\" rel=\"author\" style=\"box-sizing: border-box; background-color: rgb(255, 255, 255); color: rgb(51, 51, 51); text-decoration-line: none; cursor: unset; font-family: Roboto, sans-serif; font-size: 14px;\"></a><a class=\"linkify\" title=\"hdmi\" href=\"https://phongvu.vn/hoi-dap/hdmi-la-gi\" target=\"_blank\" rel=\"author\" style=\"box-sizing: border-box; background-color: rgb(255, 255, 255); color: rgb(51, 51, 51); text-decoration-line: none; cursor: unset; font-family: Roboto, sans-serif; font-size: 14px;\">HDMI</a><span style=\"color: rgb(51, 51, 51); font-family: Roboto, sans-serif; font-size: 14px; background-color: rgb(255, 255, 255);\">,&nbsp;</span><a class=\"linkify\" title=\"usb\" href=\"https://phongvu.vn/phu-kien/usb.cat\" target=\"_blank\" rel=\"author\" style=\"box-sizing: border-box; background-color: rgb(255, 255, 255); color: rgb(51, 51, 51); text-decoration-line: none; cursor: unset; font-family: Roboto, sans-serif; font-size: 14px;\"></a><a class=\"linkify\" title=\"usb\" href=\"https://phongvu.vn/phu-kien/usb.cat\" target=\"_blank\" rel=\"author\" style=\"box-sizing: border-box; background-color: rgb(255, 255, 255); color: rgb(51, 51, 51); text-decoration-line: none; cursor: unset; font-family: Roboto, sans-serif; font-size: 14px;\">USB</a><span style=\"color: rgb(51, 51, 51); font-family: Roboto, sans-serif; font-size: 14px; background-color: rgb(255, 255, 255);\">&nbsp;Type-C/DP, 2x&nbsp;</span><a class=\"linkify\" title=\"usb\" href=\"https://phongvu.vn/phu-kien/usb.cat\" target=\"_blank\" rel=\"author\" style=\"box-sizing: border-box; background-color: rgb(255, 255, 255); color: rgb(51, 51, 51); text-decoration-line: none; cursor: unset; font-family: Roboto, sans-serif; font-size: 14px;\"></a><a class=\"linkify\" title=\"usb\" href=\"https://phongvu.vn/phu-kien/usb.cat\" target=\"_blank\" rel=\"author\" style=\"box-sizing: border-box; background-color: rgb(255, 255, 255); color: rgb(51, 51, 51); text-decoration-line: none; cursor: unset; font-family: Roboto, sans-serif; font-size: 14px;\">USB</a><span style=\"color: rgb(51, 51, 51); font-family: Roboto, sans-serif; font-size: 14px; background-color: rgb(255, 255, 255);\">&nbsp;3.0,&nbsp;</span><a class=\"linkify\" title=\"usb\" href=\"https://phongvu.vn/phu-kien/usb.cat\" target=\"_blank\" rel=\"author\" style=\"box-sizing: border-box; background-color: rgb(255, 255, 255); color: rgb(51, 51, 51); text-decoration-line: none; cursor: unset; font-family: Roboto, sans-serif; font-size: 14px;\"></a><a class=\"linkify\" title=\"usb\" href=\"https://phongvu.vn/phu-kien/usb.cat\" target=\"_blank\" rel=\"author\" style=\"box-sizing: border-box; background-color: rgb(255, 255, 255); color: rgb(51, 51, 51); text-decoration-line: none; cursor: unset; font-family: Roboto, sans-serif; font-size: 14px;\">USB</a><span style=\"color: rgb(51, 51, 51); font-family: Roboto, sans-serif; font-size: 14px; background-color: rgb(255, 255, 255);\">&nbsp;2.0</span><br style=\"box-sizing: border-box; color: rgb(51, 51, 51); font-family: Roboto, sans-serif; font-size: 14px; background-color: rgb(255, 255, 255);\"><span style=\"color: rgb(51, 51, 51); font-family: Roboto, sans-serif; font-size: 14px; background-color: rgb(255, 255, 255);\">- Wifi AC, NO LAN, Bluetooth 4.1, Finger print,&nbsp;</span><a class=\"linkify\" title=\"webcam\" href=\"https://phongvu.vn/phu-kien/webcam.cat\" target=\"_blank\" rel=\"author\" style=\"box-sizing: border-box; background-color: rgb(255, 255, 255); color: rgb(51, 51, 51); text-decoration-line: none; cursor: unset; font-family: Roboto, sans-serif; font-size: 14px;\"></a><a class=\"linkify\" title=\"webcam\" href=\"https://phongvu.vn/phu-kien/webcam.cat\" target=\"_blank\" rel=\"author\" style=\"box-sizing: border-box; background-color: rgb(255, 255, 255); color: rgb(51, 51, 51); text-decoration-line: none; cursor: unset; font-family: Roboto, sans-serif; font-size: 14px;\">Webcam</a><span style=\"color: rgb(51, 51, 51); font-family: Roboto, sans-serif; font-size: 14px; background-color: rgb(255, 255, 255);\">&nbsp;HD, Card reader, Led Keyboard</span><br style=\"box-sizing: border-box; color: rgb(51, 51, 51); font-family: Roboto, sans-serif; font-size: 14px; background-color: rgb(255, 255, 255);\"><span style=\"color: rgb(51, 51, 51); font-family: Roboto, sans-serif; font-size: 14px; background-color: rgb(255, 255, 255);\">- Khối lượng: 1.54 Kg, pin 3 cell</span><br style=\"box-sizing: border-box; color: rgb(51, 51, 51); font-family: Roboto, sans-serif; font-size: 14px; background-color: rgb(255, 255, 255);\"><span style=\"color: rgb(51, 51, 51); font-family: Roboto, sans-serif; font-size: 14px; background-color: rgb(255, 255, 255);\">- Hệ điều hành:&nbsp;</span><a class=\"linkify\" title=\"Win 10 Home\" href=\"https://phongvu.vn/thuong-hieu/microsoft/microsoft-windows/ph-n-m-m-win-10-home-32-64-bit-eng-intl-usb-kw9-00017.html\" target=\"_blank\" rel=\"author\" style=\"box-sizing: border-box; background-color: rgb(255, 255, 255); color: rgb(51, 51, 51); text-decoration-line: none; cursor: unset; font-family: Roboto, sans-serif; font-size: 14px;\"></a><a class=\"linkify\" title=\"Win 10 Home\" href=\"https://phongvu.vn/thuong-hieu/microsoft/microsoft-windows/ph-n-m-m-win-10-home-32-64-bit-eng-intl-usb-kw9-00017.html\" target=\"_blank\" rel=\"author\" style=\"box-sizing: border-box; background-color: rgb(255, 255, 255); color: rgb(51, 51, 51); text-decoration-line: none; cursor: unset; font-family: Roboto, sans-serif; font-size: 14px;\">Win 10 Home</a>', '23000000', '10', NULL, NULL, '9200000078984664.jpg', '21', 1, NULL, NULL);
INSERT INTO `product` (`id`, `cate_id`, `code`, `name`, `slug`, `content`, `description`, `price`, `sale`, `tosale`, `fromsale`, `image`, `qty`, `status`, `created_at`, `updated_at`) VALUES
(18, 2, 'D3421', 'dell 3421', NULL, '<span style=\"color: rgb(51, 51, 51); font-family: Roboto, sans-serif; font-size: 14px; background-color: rgb(255, 255, 255);\">Nếu bạn thuộc khối kĩ thuật hoặc công việc yêu cầu chúng ta phải liên tục sử dụng các phần mềm đồ họa hoặc phần mềm giả lập, hoặc đơn giản bạn muốn có một chiếc laptop dùng lâu dài từ 4 năm trở lên... Lúc này laptop với vi xử lí Core i với i3 hay i5 nên được chọn mua dù giá của chúng dao động từ 10 đến 17 triệu đồng vì chỉ có những vi xử lí này mới có khả năng đáp ứng được công việc của bạn.</span>', '<span style=\"color: rgb(51, 51, 51); font-family: Roboto, sans-serif; font-size: 14px; background-color: rgb(255, 255, 255);\">-&nbsp;</span><a class=\"linkify\" title=\"cpu\" href=\"https://phongvu.vn/linh-kien-may-tinh/cpu-bo-vi-xu-ly.cat\" target=\"_blank\" rel=\"author\" style=\"box-sizing: border-box; background-color: rgb(255, 255, 255); color: rgb(51, 51, 51); text-decoration-line: none; cursor: unset; font-family: Roboto, sans-serif; font-size: 14px;\"></a><a class=\"linkify\" title=\"cpu\" href=\"https://phongvu.vn/linh-kien-may-tinh/cpu-bo-vi-xu-ly.cat\" target=\"_blank\" rel=\"author\" style=\"box-sizing: border-box; background-color: rgb(255, 255, 255); color: rgb(51, 51, 51); text-decoration-line: none; cursor: unset; font-family: Roboto, sans-serif; font-size: 14px;\">CPU</a><span style=\"color: rgb(51, 51, 51); font-family: Roboto, sans-serif; font-size: 14px; background-color: rgb(255, 255, 255);\">: Intel Core&nbsp;</span><a class=\"linkify\" title=\"i5-8250U\" href=\"https://phongvu.vn/catalogsearch/result/?q=i5%208250\" target=\"_blank\" rel=\"author\" style=\"box-sizing: border-box; background-color: rgb(255, 255, 255); color: rgb(51, 51, 51); text-decoration-line: none; cursor: unset; font-family: Roboto, sans-serif; font-size: 14px;\"></a><a class=\"linkify\" title=\"i5\" href=\"https://phongvu.vn/linh-kien-may-tinh/cpu-bo-vi-xu-ly/intel-core-i5.cat\" target=\"_blank\" rel=\"author\" style=\"box-sizing: border-box; background-color: rgb(255, 255, 255); color: rgb(51, 51, 51); text-decoration-line: none; cursor: unset; font-family: Roboto, sans-serif; font-size: 14px;\"></a><a class=\"linkify\" title=\"i5\" href=\"https://phongvu.vn/linh-kien-may-tinh/cpu-bo-vi-xu-ly/intel-core-i5.cat\" target=\"_blank\" rel=\"author\" style=\"box-sizing: border-box; background-color: rgb(255, 255, 255); color: rgb(51, 51, 51); text-decoration-line: none; cursor: unset; font-family: Roboto, sans-serif; font-size: 14px;\">i5</a><span style=\"color: rgb(51, 51, 51); font-family: Roboto, sans-serif; font-size: 14px; background-color: rgb(255, 255, 255);\">-8250U (1.60 Ghz up to 3.40 Ghz, 6M Cache)</span><br style=\"box-sizing: border-box; color: rgb(51, 51, 51); font-family: Roboto, sans-serif; font-size: 14px; background-color: rgb(255, 255, 255);\"><span style=\"color: rgb(51, 51, 51); font-family: Roboto, sans-serif; font-size: 14px; background-color: rgb(255, 255, 255);\">-&nbsp;</span><a class=\"linkify\" title=\"RAM\" href=\"https://phongvu.vn/linh-kien-may-tinh/ram-bo-nho-du-lieu-tam-thoi.cat\" target=\"_blank\" rel=\"author\" style=\"box-sizing: border-box; background-color: rgb(255, 255, 255); color: rgb(51, 51, 51); text-decoration-line: none; cursor: unset; font-family: Roboto, sans-serif; font-size: 14px;\"></a><a class=\"linkify\" title=\"RAM\" href=\"https://phongvu.vn/linh-kien-may-tinh/ram-bo-nho-du-lieu-tam-thoi.cat\" target=\"_blank\" rel=\"author\" style=\"box-sizing: border-box; background-color: rgb(255, 255, 255); color: rgb(51, 51, 51); text-decoration-line: none; cursor: unset; font-family: Roboto, sans-serif; font-size: 14px;\">RAM</a><span style=\"color: rgb(51, 51, 51); font-family: Roboto, sans-serif; font-size: 14px; background-color: rgb(255, 255, 255);\">: 8GB&nbsp;</span><a class=\"linkify\" title=\"ddr4\" href=\"https://phongvu.vn/linh-kien-may-tinh/ram-bo-nho-du-lieu-tam-thoi/ram-ddr4.cat\" target=\"_blank\" rel=\"author\" style=\"box-sizing: border-box; background-color: rgb(255, 255, 255); color: rgb(51, 51, 51); text-decoration-line: none; cursor: unset; font-family: Roboto, sans-serif; font-size: 14px;\"></a><a class=\"linkify\" title=\"ddr4\" href=\"https://phongvu.vn/linh-kien-may-tinh/ram-bo-nho-du-lieu-tam-thoi/ram-ddr4.cat\" target=\"_blank\" rel=\"author\" style=\"box-sizing: border-box; background-color: rgb(255, 255, 255); color: rgb(51, 51, 51); text-decoration-line: none; cursor: unset; font-family: Roboto, sans-serif; font-size: 14px;\">DDR4</a><span style=\"color: rgb(51, 51, 51); font-family: Roboto, sans-serif; font-size: 14px; background-color: rgb(255, 255, 255);\">&nbsp;2400 MHz (Không nâng cấp được)</span><br style=\"box-sizing: border-box; color: rgb(51, 51, 51); font-family: Roboto, sans-serif; font-size: 14px; background-color: rgb(255, 255, 255);\"><span style=\"color: rgb(51, 51, 51); font-family: Roboto, sans-serif; font-size: 14px; background-color: rgb(255, 255, 255);\">-&nbsp;</span><a class=\"linkify\" title=\"vga\" href=\"https://phongvu.vn/linh-kien-may-tinh/vga-card-man-hinh.cat\" target=\"_blank\" rel=\"author\" style=\"box-sizing: border-box; background-color: rgb(255, 255, 255); color: rgb(51, 51, 51); text-decoration-line: none; cursor: unset; font-family: Roboto, sans-serif; font-size: 14px;\"></a><a class=\"linkify\" title=\"vga\" href=\"https://phongvu.vn/linh-kien-may-tinh/vga-card-man-hinh.cat\" target=\"_blank\" rel=\"author\" style=\"box-sizing: border-box; background-color: rgb(255, 255, 255); color: rgb(51, 51, 51); text-decoration-line: none; cursor: unset; font-family: Roboto, sans-serif; font-size: 14px;\">VGA</a><span style=\"color: rgb(51, 51, 51); font-family: Roboto, sans-serif; font-size: 14px; background-color: rgb(255, 255, 255);\">: Intel HD Graphics 620</span><br style=\"box-sizing: border-box; color: rgb(51, 51, 51); font-family: Roboto, sans-serif; font-size: 14px; background-color: rgb(255, 255, 255);\"><span style=\"color: rgb(51, 51, 51); font-family: Roboto, sans-serif; font-size: 14px; background-color: rgb(255, 255, 255);\">- Ổ cứng:&nbsp;</span><a class=\"linkify\" title=\"ssd\" href=\"https://phongvu.vn/linh-kien-may-tinh/o-cung-ssd-hdd/o-cung-ssd.cat\" target=\"_blank\" rel=\"author\" style=\"box-sizing: border-box; background-color: rgb(255, 255, 255); color: rgb(51, 51, 51); text-decoration-line: none; cursor: unset; font-family: Roboto, sans-serif; font-size: 14px;\"></a><a class=\"linkify\" title=\"ssd\" href=\"https://phongvu.vn/linh-kien-may-tinh/o-cung-ssd-hdd/o-cung-ssd.cat\" target=\"_blank\" rel=\"author\" style=\"box-sizing: border-box; background-color: rgb(255, 255, 255); color: rgb(51, 51, 51); text-decoration-line: none; cursor: unset; font-family: Roboto, sans-serif; font-size: 14px;\">SSD</a><span style=\"color: rgb(51, 51, 51); font-family: Roboto, sans-serif; font-size: 14px; background-color: rgb(255, 255, 255);\">&nbsp;M.2 256GB&nbsp;</span><br style=\"box-sizing: border-box; color: rgb(51, 51, 51); font-family: Roboto, sans-serif; font-size: 14px; background-color: rgb(255, 255, 255);\"><span style=\"color: rgb(51, 51, 51); font-family: Roboto, sans-serif; font-size: 14px; background-color: rgb(255, 255, 255);\">- Khe mở rộng M.2: Có</span><br style=\"box-sizing: border-box; color: rgb(51, 51, 51); font-family: Roboto, sans-serif; font-size: 14px; background-color: rgb(255, 255, 255);\"><span style=\"color: rgb(51, 51, 51); font-family: Roboto, sans-serif; font-size: 14px; background-color: rgb(255, 255, 255);\">-&nbsp;</span><a class=\"linkify\" title=\"màn hình\" href=\"https://phongvu.vn/man-hinh-may-tinh.cat\" target=\"_blank\" rel=\"author\" style=\"box-sizing: border-box; background-color: rgb(255, 255, 255); color: rgb(51, 51, 51); text-decoration-line: none; cursor: unset; font-family: Roboto, sans-serif; font-size: 14px;\">Màn hình</a><span style=\"color: rgb(51, 51, 51); font-family: Roboto, sans-serif; font-size: 14px; background-color: rgb(255, 255, 255);\">: 13.3\" (1920 x 1080) - Cảm ứng</span><br style=\"box-sizing: border-box; color: rgb(51, 51, 51); font-family: Roboto, sans-serif; font-size: 14px; background-color: rgb(255, 255, 255);\"><span style=\"color: rgb(51, 51, 51); font-family: Roboto, sans-serif; font-size: 14px; background-color: rgb(255, 255, 255);\">- Cổng giao tiếp:&nbsp;</span><a class=\"linkify\" title=\"hdmi\" href=\"https://phongvu.vn/hoi-dap/hdmi-la-gi\" target=\"_blank\" rel=\"author\" style=\"box-sizing: border-box; background-color: rgb(255, 255, 255); color: rgb(51, 51, 51); text-decoration-line: none; cursor: unset; font-family: Roboto, sans-serif; font-size: 14px;\"></a><a class=\"linkify\" title=\"hdmi\" href=\"https://phongvu.vn/hoi-dap/hdmi-la-gi\" target=\"_blank\" rel=\"author\" style=\"box-sizing: border-box; background-color: rgb(255, 255, 255); color: rgb(51, 51, 51); text-decoration-line: none; cursor: unset; font-family: Roboto, sans-serif; font-size: 14px;\">HDMI</a><span style=\"color: rgb(51, 51, 51); font-family: Roboto, sans-serif; font-size: 14px; background-color: rgb(255, 255, 255);\">,&nbsp;</span><a class=\"linkify\" title=\"usb\" href=\"https://phongvu.vn/phu-kien/usb.cat\" target=\"_blank\" rel=\"author\" style=\"box-sizing: border-box; background-color: rgb(255, 255, 255); color: rgb(51, 51, 51); text-decoration-line: none; cursor: unset; font-family: Roboto, sans-serif; font-size: 14px;\"></a><a class=\"linkify\" title=\"usb\" href=\"https://phongvu.vn/phu-kien/usb.cat\" target=\"_blank\" rel=\"author\" style=\"box-sizing: border-box; background-color: rgb(255, 255, 255); color: rgb(51, 51, 51); text-decoration-line: none; cursor: unset; font-family: Roboto, sans-serif; font-size: 14px;\">USB</a><span style=\"color: rgb(51, 51, 51); font-family: Roboto, sans-serif; font-size: 14px; background-color: rgb(255, 255, 255);\">&nbsp;Type-C/DP, 2x&nbsp;</span><a class=\"linkify\" title=\"usb\" href=\"https://phongvu.vn/phu-kien/usb.cat\" target=\"_blank\" rel=\"author\" style=\"box-sizing: border-box; background-color: rgb(255, 255, 255); color: rgb(51, 51, 51); text-decoration-line: none; cursor: unset; font-family: Roboto, sans-serif; font-size: 14px;\"></a><a class=\"linkify\" title=\"usb\" href=\"https://phongvu.vn/phu-kien/usb.cat\" target=\"_blank\" rel=\"author\" style=\"box-sizing: border-box; background-color: rgb(255, 255, 255); color: rgb(51, 51, 51); text-decoration-line: none; cursor: unset; font-family: Roboto, sans-serif; font-size: 14px;\">USB</a><span style=\"color: rgb(51, 51, 51); font-family: Roboto, sans-serif; font-size: 14px; background-color: rgb(255, 255, 255);\">&nbsp;3.0,&nbsp;</span><a class=\"linkify\" title=\"usb\" href=\"https://phongvu.vn/phu-kien/usb.cat\" target=\"_blank\" rel=\"author\" style=\"box-sizing: border-box; background-color: rgb(255, 255, 255); color: rgb(51, 51, 51); text-decoration-line: none; cursor: unset; font-family: Roboto, sans-serif; font-size: 14px;\"></a><a class=\"linkify\" title=\"usb\" href=\"https://phongvu.vn/phu-kien/usb.cat\" target=\"_blank\" rel=\"author\" style=\"box-sizing: border-box; background-color: rgb(255, 255, 255); color: rgb(51, 51, 51); text-decoration-line: none; cursor: unset; font-family: Roboto, sans-serif; font-size: 14px;\">USB</a><span style=\"color: rgb(51, 51, 51); font-family: Roboto, sans-serif; font-size: 14px; background-color: rgb(255, 255, 255);\">&nbsp;2.0</span><br style=\"box-sizing: border-box; color: rgb(51, 51, 51); font-family: Roboto, sans-serif; font-size: 14px; background-color: rgb(255, 255, 255);\"><span style=\"color: rgb(51, 51, 51); font-family: Roboto, sans-serif; font-size: 14px; background-color: rgb(255, 255, 255);\">- Wifi AC, NO LAN, Bluetooth 4.1, Finger print,&nbsp;</span><a class=\"linkify\" title=\"webcam\" href=\"https://phongvu.vn/phu-kien/webcam.cat\" target=\"_blank\" rel=\"author\" style=\"box-sizing: border-box; background-color: rgb(255, 255, 255); color: rgb(51, 51, 51); text-decoration-line: none; cursor: unset; font-family: Roboto, sans-serif; font-size: 14px;\"></a><a class=\"linkify\" title=\"webcam\" href=\"https://phongvu.vn/phu-kien/webcam.cat\" target=\"_blank\" rel=\"author\" style=\"box-sizing: border-box; background-color: rgb(255, 255, 255); color: rgb(51, 51, 51); text-decoration-line: none; cursor: unset; font-family: Roboto, sans-serif; font-size: 14px;\">Webcam</a><span style=\"color: rgb(51, 51, 51); font-family: Roboto, sans-serif; font-size: 14px; background-color: rgb(255, 255, 255);\">&nbsp;HD, Card reader, Led Keyboard</span><br style=\"box-sizing: border-box; color: rgb(51, 51, 51); font-family: Roboto, sans-serif; font-size: 14px; background-color: rgb(255, 255, 255);\"><span style=\"color: rgb(51, 51, 51); font-family: Roboto, sans-serif; font-size: 14px; background-color: rgb(255, 255, 255);\">- Khối lượng: 1.54 Kg, pin 3 cell</span><br style=\"box-sizing: border-box; color: rgb(51, 51, 51); font-family: Roboto, sans-serif; font-size: 14px; background-color: rgb(255, 255, 255);\"><span style=\"color: rgb(51, 51, 51); font-family: Roboto, sans-serif; font-size: 14px; background-color: rgb(255, 255, 255);\">- Hệ điều hành:&nbsp;</span><a class=\"linkify\" title=\"Win 10 Home\" href=\"https://phongvu.vn/thuong-hieu/microsoft/microsoft-windows/ph-n-m-m-win-10-home-32-64-bit-eng-intl-usb-kw9-00017.html\" target=\"_blank\" rel=\"author\" style=\"box-sizing: border-box; background-color: rgb(255, 255, 255); color: rgb(51, 51, 51); text-decoration-line: none; cursor: unset; font-family: Roboto, sans-serif; font-size: 14px;\"></a><a class=\"linkify\" title=\"Win 10 Home\" href=\"https://phongvu.vn/thuong-hieu/microsoft/microsoft-windows/ph-n-m-m-win-10-home-32-64-bit-eng-intl-usb-kw9-00017.html\" target=\"_blank\" rel=\"author\" style=\"box-sizing: border-box; background-color: rgb(255, 255, 255); color: rgb(51, 51, 51); text-decoration-line: none; cursor: unset; font-family: Roboto, sans-serif; font-size: 14px;\">Win 10 Home</a>', '12', '2', NULL, NULL, 'dell-inspiron-5379-i7-8550u-c3ti7501w-450-450x300.jpg', '32', 1, NULL, NULL),
(19, 6, 'AV6', 'Acer v6', NULL, '<span style=\"color: rgb(51, 51, 51); font-family: Roboto, sans-serif; font-size: 14px; background-color: rgb(255, 255, 255);\">Nếu bạn thuộc khối kĩ thuật hoặc công việc yêu cầu chúng ta phải liên tục sử dụng các phần mềm đồ họa hoặc phần mềm giả lập, hoặc đơn giản bạn muốn có một chiếc laptop dùng lâu dài từ 4 năm trở lên... Lúc này laptop với vi xử lí Core i với i3 hay i5 nên được chọn mua dù giá của chúng dao động từ 10 đến 17 triệu đồng vì chỉ có những vi xử lí này mới có khả năng đáp ứng được công việc của bạn.</span>', '<span style=\"color: rgb(51, 51, 51); font-family: Roboto, sans-serif; font-size: 14px; background-color: rgb(255, 255, 255);\">-&nbsp;</span><a class=\"linkify\" title=\"cpu\" href=\"https://phongvu.vn/linh-kien-may-tinh/cpu-bo-vi-xu-ly.cat\" target=\"_blank\" rel=\"author\" style=\"box-sizing: border-box; background-color: rgb(255, 255, 255); color: rgb(51, 51, 51); text-decoration-line: none; cursor: unset; font-family: Roboto, sans-serif; font-size: 14px;\"></a><a class=\"linkify\" title=\"cpu\" href=\"https://phongvu.vn/linh-kien-may-tinh/cpu-bo-vi-xu-ly.cat\" target=\"_blank\" rel=\"author\" style=\"box-sizing: border-box; background-color: rgb(255, 255, 255); color: rgb(51, 51, 51); text-decoration-line: none; cursor: unset; font-family: Roboto, sans-serif; font-size: 14px;\">CPU</a><span style=\"color: rgb(51, 51, 51); font-family: Roboto, sans-serif; font-size: 14px; background-color: rgb(255, 255, 255);\">: Intel Core&nbsp;</span><a class=\"linkify\" title=\"i5-8250U\" href=\"https://phongvu.vn/catalogsearch/result/?q=i5%208250\" target=\"_blank\" rel=\"author\" style=\"box-sizing: border-box; background-color: rgb(255, 255, 255); color: rgb(51, 51, 51); text-decoration-line: none; cursor: unset; font-family: Roboto, sans-serif; font-size: 14px;\"></a><a class=\"linkify\" title=\"i5\" href=\"https://phongvu.vn/linh-kien-may-tinh/cpu-bo-vi-xu-ly/intel-core-i5.cat\" target=\"_blank\" rel=\"author\" style=\"box-sizing: border-box; background-color: rgb(255, 255, 255); color: rgb(51, 51, 51); text-decoration-line: none; cursor: unset; font-family: Roboto, sans-serif; font-size: 14px;\"></a><a class=\"linkify\" title=\"i5\" href=\"https://phongvu.vn/linh-kien-may-tinh/cpu-bo-vi-xu-ly/intel-core-i5.cat\" target=\"_blank\" rel=\"author\" style=\"box-sizing: border-box; background-color: rgb(255, 255, 255); color: rgb(51, 51, 51); text-decoration-line: none; cursor: unset; font-family: Roboto, sans-serif; font-size: 14px;\">i5</a><span style=\"color: rgb(51, 51, 51); font-family: Roboto, sans-serif; font-size: 14px; background-color: rgb(255, 255, 255);\">-8250U (1.60 Ghz up to 3.40 Ghz, 6M Cache)</span><br style=\"box-sizing: border-box; color: rgb(51, 51, 51); font-family: Roboto, sans-serif; font-size: 14px; background-color: rgb(255, 255, 255);\"><span style=\"color: rgb(51, 51, 51); font-family: Roboto, sans-serif; font-size: 14px; background-color: rgb(255, 255, 255);\">-&nbsp;</span><a class=\"linkify\" title=\"RAM\" href=\"https://phongvu.vn/linh-kien-may-tinh/ram-bo-nho-du-lieu-tam-thoi.cat\" target=\"_blank\" rel=\"author\" style=\"box-sizing: border-box; background-color: rgb(255, 255, 255); color: rgb(51, 51, 51); text-decoration-line: none; cursor: unset; font-family: Roboto, sans-serif; font-size: 14px;\"></a><a class=\"linkify\" title=\"RAM\" href=\"https://phongvu.vn/linh-kien-may-tinh/ram-bo-nho-du-lieu-tam-thoi.cat\" target=\"_blank\" rel=\"author\" style=\"box-sizing: border-box; background-color: rgb(255, 255, 255); color: rgb(51, 51, 51); text-decoration-line: none; cursor: unset; font-family: Roboto, sans-serif; font-size: 14px;\">RAM</a><span style=\"color: rgb(51, 51, 51); font-family: Roboto, sans-serif; font-size: 14px; background-color: rgb(255, 255, 255);\">: 8GB&nbsp;</span><a class=\"linkify\" title=\"ddr4\" href=\"https://phongvu.vn/linh-kien-may-tinh/ram-bo-nho-du-lieu-tam-thoi/ram-ddr4.cat\" target=\"_blank\" rel=\"author\" style=\"box-sizing: border-box; background-color: rgb(255, 255, 255); color: rgb(51, 51, 51); text-decoration-line: none; cursor: unset; font-family: Roboto, sans-serif; font-size: 14px;\"></a><a class=\"linkify\" title=\"ddr4\" href=\"https://phongvu.vn/linh-kien-may-tinh/ram-bo-nho-du-lieu-tam-thoi/ram-ddr4.cat\" target=\"_blank\" rel=\"author\" style=\"box-sizing: border-box; background-color: rgb(255, 255, 255); color: rgb(51, 51, 51); text-decoration-line: none; cursor: unset; font-family: Roboto, sans-serif; font-size: 14px;\">DDR4</a><span style=\"color: rgb(51, 51, 51); font-family: Roboto, sans-serif; font-size: 14px; background-color: rgb(255, 255, 255);\">&nbsp;2400 MHz (Không nâng cấp được)</span><br style=\"box-sizing: border-box; color: rgb(51, 51, 51); font-family: Roboto, sans-serif; font-size: 14px; background-color: rgb(255, 255, 255);\"><span style=\"color: rgb(51, 51, 51); font-family: Roboto, sans-serif; font-size: 14px; background-color: rgb(255, 255, 255);\">-&nbsp;</span><a class=\"linkify\" title=\"vga\" href=\"https://phongvu.vn/linh-kien-may-tinh/vga-card-man-hinh.cat\" target=\"_blank\" rel=\"author\" style=\"box-sizing: border-box; background-color: rgb(255, 255, 255); color: rgb(51, 51, 51); text-decoration-line: none; cursor: unset; font-family: Roboto, sans-serif; font-size: 14px;\"></a><a class=\"linkify\" title=\"vga\" href=\"https://phongvu.vn/linh-kien-may-tinh/vga-card-man-hinh.cat\" target=\"_blank\" rel=\"author\" style=\"box-sizing: border-box; background-color: rgb(255, 255, 255); color: rgb(51, 51, 51); text-decoration-line: none; cursor: unset; font-family: Roboto, sans-serif; font-size: 14px;\">VGA</a><span style=\"color: rgb(51, 51, 51); font-family: Roboto, sans-serif; font-size: 14px; background-color: rgb(255, 255, 255);\">: Intel HD Graphics 620</span><br style=\"box-sizing: border-box; color: rgb(51, 51, 51); font-family: Roboto, sans-serif; font-size: 14px; background-color: rgb(255, 255, 255);\"><span style=\"color: rgb(51, 51, 51); font-family: Roboto, sans-serif; font-size: 14px; background-color: rgb(255, 255, 255);\">- Ổ cứng:&nbsp;</span><a class=\"linkify\" title=\"ssd\" href=\"https://phongvu.vn/linh-kien-may-tinh/o-cung-ssd-hdd/o-cung-ssd.cat\" target=\"_blank\" rel=\"author\" style=\"box-sizing: border-box; background-color: rgb(255, 255, 255); color: rgb(51, 51, 51); text-decoration-line: none; cursor: unset; font-family: Roboto, sans-serif; font-size: 14px;\"></a><a class=\"linkify\" title=\"ssd\" href=\"https://phongvu.vn/linh-kien-may-tinh/o-cung-ssd-hdd/o-cung-ssd.cat\" target=\"_blank\" rel=\"author\" style=\"box-sizing: border-box; background-color: rgb(255, 255, 255); color: rgb(51, 51, 51); text-decoration-line: none; cursor: unset; font-family: Roboto, sans-serif; font-size: 14px;\">SSD</a><span style=\"color: rgb(51, 51, 51); font-family: Roboto, sans-serif; font-size: 14px; background-color: rgb(255, 255, 255);\">&nbsp;M.2 256GB&nbsp;</span><br style=\"box-sizing: border-box; color: rgb(51, 51, 51); font-family: Roboto, sans-serif; font-size: 14px; background-color: rgb(255, 255, 255);\"><span style=\"color: rgb(51, 51, 51); font-family: Roboto, sans-serif; font-size: 14px; background-color: rgb(255, 255, 255);\">- Khe mở rộng M.2: Có</span><br style=\"box-sizing: border-box; color: rgb(51, 51, 51); font-family: Roboto, sans-serif; font-size: 14px; background-color: rgb(255, 255, 255);\"><span style=\"color: rgb(51, 51, 51); font-family: Roboto, sans-serif; font-size: 14px; background-color: rgb(255, 255, 255);\">-&nbsp;</span><a class=\"linkify\" title=\"màn hình\" href=\"https://phongvu.vn/man-hinh-may-tinh.cat\" target=\"_blank\" rel=\"author\" style=\"box-sizing: border-box; background-color: rgb(255, 255, 255); color: rgb(51, 51, 51); text-decoration-line: none; cursor: unset; font-family: Roboto, sans-serif; font-size: 14px;\">Màn hình</a><span style=\"color: rgb(51, 51, 51); font-family: Roboto, sans-serif; font-size: 14px; background-color: rgb(255, 255, 255);\">: 13.3\" (1920 x 1080) - Cảm ứng</span><br style=\"box-sizing: border-box; color: rgb(51, 51, 51); font-family: Roboto, sans-serif; font-size: 14px; background-color: rgb(255, 255, 255);\"><span style=\"color: rgb(51, 51, 51); font-family: Roboto, sans-serif; font-size: 14px; background-color: rgb(255, 255, 255);\">- Cổng giao tiếp:&nbsp;</span><a class=\"linkify\" title=\"hdmi\" href=\"https://phongvu.vn/hoi-dap/hdmi-la-gi\" target=\"_blank\" rel=\"author\" style=\"box-sizing: border-box; background-color: rgb(255, 255, 255); color: rgb(51, 51, 51); text-decoration-line: none; cursor: unset; font-family: Roboto, sans-serif; font-size: 14px;\"></a><a class=\"linkify\" title=\"hdmi\" href=\"https://phongvu.vn/hoi-dap/hdmi-la-gi\" target=\"_blank\" rel=\"author\" style=\"box-sizing: border-box; background-color: rgb(255, 255, 255); color: rgb(51, 51, 51); text-decoration-line: none; cursor: unset; font-family: Roboto, sans-serif; font-size: 14px;\">HDMI</a><span style=\"color: rgb(51, 51, 51); font-family: Roboto, sans-serif; font-size: 14px; background-color: rgb(255, 255, 255);\">,&nbsp;</span><a class=\"linkify\" title=\"usb\" href=\"https://phongvu.vn/phu-kien/usb.cat\" target=\"_blank\" rel=\"author\" style=\"box-sizing: border-box; background-color: rgb(255, 255, 255); color: rgb(51, 51, 51); text-decoration-line: none; cursor: unset; font-family: Roboto, sans-serif; font-size: 14px;\"></a><a class=\"linkify\" title=\"usb\" href=\"https://phongvu.vn/phu-kien/usb.cat\" target=\"_blank\" rel=\"author\" style=\"box-sizing: border-box; background-color: rgb(255, 255, 255); color: rgb(51, 51, 51); text-decoration-line: none; cursor: unset; font-family: Roboto, sans-serif; font-size: 14px;\">USB</a><span style=\"color: rgb(51, 51, 51); font-family: Roboto, sans-serif; font-size: 14px; background-color: rgb(255, 255, 255);\">&nbsp;Type-C/DP, 2x&nbsp;</span><a class=\"linkify\" title=\"usb\" href=\"https://phongvu.vn/phu-kien/usb.cat\" target=\"_blank\" rel=\"author\" style=\"box-sizing: border-box; background-color: rgb(255, 255, 255); color: rgb(51, 51, 51); text-decoration-line: none; cursor: unset; font-family: Roboto, sans-serif; font-size: 14px;\"></a><a class=\"linkify\" title=\"usb\" href=\"https://phongvu.vn/phu-kien/usb.cat\" target=\"_blank\" rel=\"author\" style=\"box-sizing: border-box; background-color: rgb(255, 255, 255); color: rgb(51, 51, 51); text-decoration-line: none; cursor: unset; font-family: Roboto, sans-serif; font-size: 14px;\">USB</a><span style=\"color: rgb(51, 51, 51); font-family: Roboto, sans-serif; font-size: 14px; background-color: rgb(255, 255, 255);\">&nbsp;3.0,&nbsp;</span><a class=\"linkify\" title=\"usb\" href=\"https://phongvu.vn/phu-kien/usb.cat\" target=\"_blank\" rel=\"author\" style=\"box-sizing: border-box; background-color: rgb(255, 255, 255); color: rgb(51, 51, 51); text-decoration-line: none; cursor: unset; font-family: Roboto, sans-serif; font-size: 14px;\"></a><a class=\"linkify\" title=\"usb\" href=\"https://phongvu.vn/phu-kien/usb.cat\" target=\"_blank\" rel=\"author\" style=\"box-sizing: border-box; background-color: rgb(255, 255, 255); color: rgb(51, 51, 51); text-decoration-line: none; cursor: unset; font-family: Roboto, sans-serif; font-size: 14px;\">USB</a><span style=\"color: rgb(51, 51, 51); font-family: Roboto, sans-serif; font-size: 14px; background-color: rgb(255, 255, 255);\">&nbsp;2.0</span><br style=\"box-sizing: border-box; color: rgb(51, 51, 51); font-family: Roboto, sans-serif; font-size: 14px; background-color: rgb(255, 255, 255);\"><span style=\"color: rgb(51, 51, 51); font-family: Roboto, sans-serif; font-size: 14px; background-color: rgb(255, 255, 255);\">- Wifi AC, NO LAN, Bluetooth 4.1, Finger print,&nbsp;</span><a class=\"linkify\" title=\"webcam\" href=\"https://phongvu.vn/phu-kien/webcam.cat\" target=\"_blank\" rel=\"author\" style=\"box-sizing: border-box; background-color: rgb(255, 255, 255); color: rgb(51, 51, 51); text-decoration-line: none; cursor: unset; font-family: Roboto, sans-serif; font-size: 14px;\"></a><a class=\"linkify\" title=\"webcam\" href=\"https://phongvu.vn/phu-kien/webcam.cat\" target=\"_blank\" rel=\"author\" style=\"box-sizing: border-box; background-color: rgb(255, 255, 255); color: rgb(51, 51, 51); text-decoration-line: none; cursor: unset; font-family: Roboto, sans-serif; font-size: 14px;\">Webcam</a><span style=\"color: rgb(51, 51, 51); font-family: Roboto, sans-serif; font-size: 14px; background-color: rgb(255, 255, 255);\">&nbsp;HD, Card reader, Led Keyboard</span><br style=\"box-sizing: border-box; color: rgb(51, 51, 51); font-family: Roboto, sans-serif; font-size: 14px; background-color: rgb(255, 255, 255);\"><span style=\"color: rgb(51, 51, 51); font-family: Roboto, sans-serif; font-size: 14px; background-color: rgb(255, 255, 255);\">- Khối lượng: 1.54 Kg, pin 3 cell</span><br style=\"box-sizing: border-box; color: rgb(51, 51, 51); font-family: Roboto, sans-serif; font-size: 14px; background-color: rgb(255, 255, 255);\"><span style=\"color: rgb(51, 51, 51); font-family: Roboto, sans-serif; font-size: 14px; background-color: rgb(255, 255, 255);\">- Hệ điều hành:&nbsp;</span><a class=\"linkify\" title=\"Win 10 Home\" href=\"https://phongvu.vn/thuong-hieu/microsoft/microsoft-windows/ph-n-m-m-win-10-home-32-64-bit-eng-intl-usb-kw9-00017.html\" target=\"_blank\" rel=\"author\" style=\"box-sizing: border-box; background-color: rgb(255, 255, 255); color: rgb(51, 51, 51); text-decoration-line: none; cursor: unset; font-family: Roboto, sans-serif; font-size: 14px;\"></a><a class=\"linkify\" title=\"Win 10 Home\" href=\"https://phongvu.vn/thuong-hieu/microsoft/microsoft-windows/ph-n-m-m-win-10-home-32-64-bit-eng-intl-usb-kw9-00017.html\" target=\"_blank\" rel=\"author\" style=\"box-sizing: border-box; background-color: rgb(255, 255, 255); color: rgb(51, 51, 51); text-decoration-line: none; cursor: unset; font-family: Roboto, sans-serif; font-size: 14px;\">Win 10 Home</a>', '21000000', '1', NULL, NULL, 'dell-inspiron-15-n3567-c5i31120-core-i3-6006u-4gb-1-450x300.jpg', '32', 1, NULL, NULL),
(20, 2, 'D2133', 'Dell 33123', NULL, '<span style=\"color: rgb(51, 51, 51); font-family: Roboto, sans-serif; font-size: 14px; background-color: rgb(255, 255, 255);\">Nếu bạn thuộc khối kĩ thuật hoặc công việc yêu cầu chúng ta phải liên tục sử dụng các phần mềm đồ họa hoặc phần mềm giả lập, hoặc đơn giản bạn muốn có một chiếc laptop dùng lâu dài từ 4 năm trở lên... Lúc này laptop với vi xử lí Core i với i3 hay i5 nên được chọn mua dù giá của chúng dao động từ 10 đến 17 triệu đồng vì chỉ có những vi xử lí này mới có khả năng đáp ứng được công việc của bạn.</span>', '<span style=\"color: rgb(51, 51, 51); font-family: Roboto, sans-serif; font-size: 14px; background-color: rgb(255, 255, 255);\">Nếu bạn thuộc khối kĩ thuật hoặc công việc yêu cầu chúng ta phải liên tục sử dụng các phần mềm đồ họa hoặc phần mềm giả lập, hoặc đơn giản bạn muốn có một chiếc laptop dùng lâu dài từ 4 năm trở lên... Lúc này laptop với vi xử lí Core i với i3 hay i5 nên được chọn mua dù giá của chúng dao động từ 10 đến 17 triệu đồng vì chỉ có những vi xử lí này mới có khả năng đáp ứng được công việc của bạn.</span>', '23000000', '5', NULL, NULL, 'dell-inspiron-15-n3567-c5i31120-core-i3-6006u-4gb-1-450x300.jpg', '21', 1, NULL, NULL),
(21, 2, 'asdas', 'asdas', NULL, '123', '123', '123', '12', NULL, NULL, '9200000078984664.jpg', '12', 1, NULL, NULL),
(24, 5, 'cg', '444', NULL, NULL, NULL, '78897', '45', NULL, NULL, NULL, '6', 1, NULL, NULL),
(25, 5, 'cg', '444', NULL, NULL, NULL, '78897', '45', NULL, NULL, NULL, '6', 1, NULL, NULL),
(26, 5, '13', '12', NULL, NULL, NULL, '13', '13', NULL, NULL, NULL, '13', 1, NULL, NULL),
(27, 5, 'efdfvd', 'áº¯ewer', NULL, NULL, NULL, '45676', '5677', NULL, NULL, NULL, '54654', 1, NULL, NULL),
(28, 5, 'rrrr', 'qer', NULL, NULL, NULL, '3456', '345', NULL, NULL, NULL, 'etee', 1, NULL, NULL),
(29, 5, 'rrrr', 'qer', NULL, NULL, NULL, '3456', '345', NULL, NULL, NULL, 'etee', 1, NULL, NULL),
(30, 5, 'a', 'aaaaaaaaaa', NULL, NULL, NULL, '12', '12', NULL, NULL, NULL, '12', 1, NULL, NULL),
(31, 2, 'a', 'aaaaaaaaaa', NULL, NULL, NULL, '12', '12', NULL, NULL, 'Cloud_banner.jpg', '12', 1, NULL, NULL),
(32, 2, 'a', 'aaaaaaaaaa', NULL, NULL, NULL, '12', '12', NULL, NULL, 'Cloud_banner.jpg', '12', 1, NULL, NULL),
(33, 2, 'a', 'aaaaaaaaaa', NULL, NULL, NULL, '12', '12', NULL, NULL, 'Cloud_banner.jpg', '12', 1, NULL, NULL),
(35, 2, '1', '23', NULL, NULL, NULL, '1', '12', NULL, NULL, 'ip7_32.jpg', '12', 1, NULL, NULL),
(36, 2, 'qÆ°eqwe', 'fdfsd', NULL, NULL, NULL, '123', '123', NULL, NULL, '', '12', 1, NULL, NULL),
(37, 2, 'qÆ°eqwe', 'fdfsd', NULL, NULL, NULL, '123', '123', NULL, NULL, 'Cloud_banner.jpg', '12', 1, NULL, NULL),
(38, 2, 'qÆ°eqwe', 'fdfsd', NULL, NULL, NULL, '123', '123', NULL, NULL, 'Cloud_banner.jpg', '12', 1, NULL, NULL),
(39, 2, 'qÆ°eqwe', 'fdfsd', NULL, NULL, NULL, '123', '123', NULL, NULL, 'Cloud_banner.jpg', '12', 1, NULL, NULL),
(40, 2, 'qÆ°eqwe', 'fdfsd', NULL, NULL, NULL, '123', '123', NULL, NULL, 'Cloud_banner.jpg', '12', 1, NULL, NULL),
(41, 2, 'qÆ°eqwe', 'fdfsd', NULL, NULL, NULL, '123', '123', NULL, NULL, '1546342257Cloud_banner.jpg', '12', 1, NULL, NULL),
(42, 2, 'qÆ°eqwe', 'fdfsd', NULL, NULL, NULL, '123', '123', NULL, NULL, '1546342261Cloud_banner.jpg', '12', 1, NULL, NULL);

-- --------------------------------------------------------

--
-- Cấu trúc bảng cho bảng `users`
--

CREATE TABLE `users` (
  `id` int(10) UNSIGNED NOT NULL,
  `name` varchar(191) COLLATE utf8mb4_unicode_ci NOT NULL,
  `email` varchar(191) COLLATE utf8mb4_unicode_ci NOT NULL,
  `password` varchar(191) COLLATE utf8mb4_unicode_ci NOT NULL,
  `level` int(11) NOT NULL,
  `remember_token` varchar(100) COLLATE utf8mb4_unicode_ci DEFAULT NULL,
  `created_at` timestamp NULL DEFAULT NULL,
  `updated_at` timestamp NULL DEFAULT NULL
) ENGINE=InnoDB DEFAULT CHARSET=utf8mb4 COLLATE=utf8mb4_unicode_ci;

--
-- Đang đổ dữ liệu cho bảng `users`
--

INSERT INTO `users` (`id`, `name`, `email`, `password`, `level`, `remember_token`, `created_at`, `updated_at`) VALUES
(1, 'Phan Thị Trà', 'trapt62@wru.vn', 'tra130998', 1, NULL, NULL, NULL),
(2, 'Nguyễn Thị Huê', 'huent62@wru.vn', 'hue231298', 1, '', NULL, NULL),
(11, 'chiendv1992@gmail.com', 'hjjjj', 'Chien19061992', 1, NULL, NULL, NULL);

--
-- Chỉ mục cho các bảng đã đổ
--

--
-- Chỉ mục cho bảng `banner`
--
ALTER TABLE `banner`
  ADD PRIMARY KEY (`id`);

--
-- Chỉ mục cho bảng `category`
--
ALTER TABLE `category`
  ADD PRIMARY KEY (`id`),
  ADD UNIQUE KEY `category_name_unique` (`name`);

--
-- Chỉ mục cho bảng `comment`
--
ALTER TABLE `comment`
  ADD PRIMARY KEY (`id`),
  ADD KEY `product_id` (`product_id`),
  ADD KEY `customer_id` (`customer_id`),
  ADD KEY `customer_id_2` (`customer_id`),
  ADD KEY `product_id_2` (`product_id`);

--
-- Chỉ mục cho bảng `customer`
--
ALTER TABLE `customer`
  ADD PRIMARY KEY (`id`);

--
-- Chỉ mục cho bảng `image`
--
ALTER TABLE `image`
  ADD PRIMARY KEY (`id`),
  ADD KEY `product_id` (`product_id`);

--
-- Chỉ mục cho bảng `migrations`
--
ALTER TABLE `migrations`
  ADD PRIMARY KEY (`id`);

--
-- Chỉ mục cho bảng `order`
--
ALTER TABLE `order`
  ADD PRIMARY KEY (`id`),
  ADD KEY `customer_id` (`customer_id`),
  ADD KEY `date_orders` (`date_orders`);

--
-- Chỉ mục cho bảng `orderdetail`
--
ALTER TABLE `orderdetail`
  ADD PRIMARY KEY (`id`),
  ADD KEY `order_id` (`order_id`),
  ADD KEY `product_id` (`product_id`);

--
-- Chỉ mục cho bảng `password_resets`
--
ALTER TABLE `password_resets`
  ADD KEY `password_resets_email_index` (`email`);

--
-- Chỉ mục cho bảng `product`
--
ALTER TABLE `product`
  ADD PRIMARY KEY (`id`),
  ADD KEY `cate_id` (`cate_id`);

--
-- Chỉ mục cho bảng `users`
--
ALTER TABLE `users`
  ADD PRIMARY KEY (`id`),
  ADD UNIQUE KEY `users_email_unique` (`email`);

--
-- AUTO_INCREMENT cho các bảng đã đổ
--

--
-- AUTO_INCREMENT cho bảng `banner`
--
ALTER TABLE `banner`
  MODIFY `id` int(10) NOT NULL AUTO_INCREMENT, AUTO_INCREMENT=6;

--
-- AUTO_INCREMENT cho bảng `category`
--
ALTER TABLE `category`
  MODIFY `id` int(10) UNSIGNED NOT NULL AUTO_INCREMENT, AUTO_INCREMENT=21;

--
-- AUTO_INCREMENT cho bảng `comment`
--
ALTER TABLE `comment`
  MODIFY `id` int(10) NOT NULL AUTO_INCREMENT, AUTO_INCREMENT=2;

--
-- AUTO_INCREMENT cho bảng `customer`
--
ALTER TABLE `customer`
  MODIFY `id` int(10) NOT NULL AUTO_INCREMENT, AUTO_INCREMENT=10;

--
-- AUTO_INCREMENT cho bảng `image`
--
ALTER TABLE `image`
  MODIFY `id` int(10) NOT NULL AUTO_INCREMENT, AUTO_INCREMENT=59;

--
-- AUTO_INCREMENT cho bảng `migrations`
--
ALTER TABLE `migrations`
  MODIFY `id` int(10) UNSIGNED NOT NULL AUTO_INCREMENT, AUTO_INCREMENT=4;

--
-- AUTO_INCREMENT cho bảng `order`
--
ALTER TABLE `order`
  MODIFY `id` int(10) NOT NULL AUTO_INCREMENT, AUTO_INCREMENT=7;

--
-- AUTO_INCREMENT cho bảng `orderdetail`
--
ALTER TABLE `orderdetail`
  MODIFY `id` int(10) NOT NULL AUTO_INCREMENT, AUTO_INCREMENT=10;

--
-- AUTO_INCREMENT cho bảng `product`
--
ALTER TABLE `product`
  MODIFY `id` int(10) NOT NULL AUTO_INCREMENT, AUTO_INCREMENT=43;

--
-- AUTO_INCREMENT cho bảng `users`
--
ALTER TABLE `users`
  MODIFY `id` int(10) UNSIGNED NOT NULL AUTO_INCREMENT, AUTO_INCREMENT=12;

--
-- Các ràng buộc cho các bảng đã đổ
--

--
-- Các ràng buộc cho bảng `comment`
--
ALTER TABLE `comment`
  ADD CONSTRAINT `comment_ibfk_1` FOREIGN KEY (`customer_id`) REFERENCES `customer` (`id`),
  ADD CONSTRAINT `comment_ibfk_2` FOREIGN KEY (`product_id`) REFERENCES `product` (`id`);

--
-- Các ràng buộc cho bảng `image`
--
ALTER TABLE `image`
  ADD CONSTRAINT `image_ibfk_1` FOREIGN KEY (`product_id`) REFERENCES `product` (`id`);

--
-- Các ràng buộc cho bảng `order`
--
ALTER TABLE `order`
  ADD CONSTRAINT `order_ibfk_1` FOREIGN KEY (`customer_id`) REFERENCES `customer` (`id`);

--
-- Các ràng buộc cho bảng `orderdetail`
--
ALTER TABLE `orderdetail`
  ADD CONSTRAINT `orderdetail_ibfk_1` FOREIGN KEY (`order_id`) REFERENCES `order` (`id`),
  ADD CONSTRAINT `orderdetail_ibfk_2` FOREIGN KEY (`product_id`) REFERENCES `product` (`id`);

--
-- Các ràng buộc cho bảng `product`
--
ALTER TABLE `product`
  ADD CONSTRAINT `product_ibfk_1` FOREIGN KEY (`cate_id`) REFERENCES `category` (`id`);
COMMIT;

/*!40101 SET CHARACTER_SET_CLIENT=@OLD_CHARACTER_SET_CLIENT */;
/*!40101 SET CHARACTER_SET_RESULTS=@OLD_CHARACTER_SET_RESULTS */;
/*!40101 SET COLLATION_CONNECTION=@OLD_COLLATION_CONNECTION */;
